{"stats":{"minecraft:killed_by":{"minecraft:skeleton":11,"greekfantasy:cyclops":1,"hmag:skeleton_girl":1},"minecraft:broken":{"minecraft:iron_chestplate":1,"minecraft:golden_shovel":1},"minecraft:used":{"minecraft:oak_planks":7,"minecraft:ender_pearl":5,"minecraft:spruce_planks":98,"minecraft:iron_sword":87,"minecraft:player_head":1,"minecraft:golden_apple":8,"minecraft:dirt":26,"minecraft:crafting_table":3,"minecraft:pink_terracotta":2,"minecraft:golden_shovel":32,"shieldexp:iron_shield":2,"minecraft:wooden_axe":6,"minecraft:diamond_pickaxe":64,"minecraft:iron_axe":22,"minecraft:bread":5,"minecraft:smooth_sandstone":12,"minecraft:iron_boots":1,"minecraft:diamond_sword":57,"minecraft:bow":7,"minecraft:cooked_beef":17,"minecraft:iron_leggings":1},"minecraft:dropped":{"hmag:reinforcing_chain":2,"minecraft:bricks":1,"minecraft:iron_sword":1,"minecraft:diamond_leggings":1,"minecraft:iron_helmet":1,"minecraft:leather":1,"minecraft:red_terracotta":1,"minecraft:stick":5,"minecraft:filled_map":1,"minecraft:diamond_sword":1,"minecraft:dirt":4,"minecraft:gray_terracotta":1,"minecraft:spruce_planks":73,"hmag:copper_nugget":2,"minecraft:stripped_dark_oak_wood":2,"minecraft:ladder":9,"minecraft:diamond_helmet":1,"knight_quest:kq_great_essence":1,"minecraft:iron_leggings":1,"minecraft:diamond_boots":1,"minecraft:arrow":8,"minecraft:smooth_sandstone":5,"minecraft:bone":10},"minecraft:mined":{"minecraft:gray_terracotta":3,"minecraft:smooth_sandstone":17,"minecraft:crafting_table":2,"minecraft:grass_block":32,"minecraft:tall_grass":1,"minecraft:oak_planks":8,"minecraft:bricks":1,"minecraft:spawner":39,"minecraft:red_terracotta":1,"minecraft:spruce_log":16,"minecraft:stripped_dark_oak_wood":2,"minecraft:grass":3,"minecraft:oak_log":5,"minecraft:player_head":1,"minecraft:pink_terracotta":2},"minecraft:custom":{"minecraft:mob_kills":20,"minecraft:interact_with_crafting_table":5,"minecraft:time_since_death":1244,"minecraft:climb_one_cm":978,"minecraft:time_since_rest":1270,"minecraft:damage_absorbed":238,"minecraft:sprint_one_cm":271788,"minecraft:damage_taken":6068,"minecraft:walk_one_cm":89226,"minecraft:damage_blocked_by_shield":90,"minecraft:drop":36,"minecraft:damage_dealt":4094,"minecraft:swim_one_cm":1302,"minecraft:fly_one_cm":445389,"minecraft:open_chest":65,"minecraft:crouch_one_cm":13846,"minecraft:play_time":53851,"minecraft:deaths":13,"minecraft:sneak_time":4820,"minecraft:walk_under_water_one_cm":931,"minecraft:jump":1743,"minecraft:walk_on_water_one_cm":807,"minecraft:total_world_time":53851,"minecraft:fall_one_cm":44407},"minecraft:killed":{"greekfantasy:cyclops":1,"minecraft:spider":1,"greekfantasy:empusa":1,"minecraft:skeleton":12,"minecraft:zombie":1,"hmag:dodomeki":1,"minecraft:wither_skeleton":2},"minecraft:crafted":{"minecraft:oak_planks":20,"minecraft:crafting_table":1,"minecraft:spruce_planks":64,"minecraft:iron_sword":1,"minecraft:golden_shovel":1,"minecraft:diamond_helmet":1,"minecraft:diamond_leggings":1,"minecraft:diamond_pickaxe":1,"minecraft:iron_axe":1,"minecraft:stick":16,"minecraft:wooden_axe":1,"minecraft:diamond_boots":1},"minecraft:picked_up":{"minecraft:iron_chestplate":1,"minecraft:crafting_table":2,"hmag:copper_nugget":2,"minecraft:ladder":9,"minecraft:leather":1,"minecraft:oak_log":5,"minecraft:dirt":30,"minecraft:iron_leggings":1,"minecraft:smooth_sandstone":17,"minecraft:bone":11,"minecraft:bow":1,"minecraft:gray_terracotta":3,"minecraft:spruce_planks":107,"minecraft:player_head":1,"minecraft:oak_planks":5,"minecraft:iron_boots":1,"minecraft:spruce_log":16,"shieldexp:iron_shield":1,"minecraft:red_terracotta":1,"minecraft:pink_terracotta":2,"minecraft:arrow":12,"minecraft:slime_ball":3,"minecraft:iron_helmet":1,"minecraft:stripped_dark_oak_wood":2,"knight_quest:kq_great_essence":44,"minecraft:gold_ingot":1,"minecraft:bricks":1}},"DataVersion":3120}