{"stats":{"minecraft:killed_by":{"hmag:skeleton_girl":1,"minecraft:skeleton":7},"minecraft:broken":{"minecraft:golden_shovel":1},"minecraft:used":{"shieldexp:iron_shield":2,"minecraft:wooden_axe":6,"minecraft:diamond_pickaxe":24,"minecraft:iron_axe":21,"minecraft:bread":5,"minecraft:oak_planks":7,"minecraft:spruce_planks":61,"minecraft:iron_sword":49,"minecraft:iron_boots":1,"minecraft:player_head":1,"minecraft:dirt":3,"minecraft:crafting_table":3,"minecraft:pink_terracotta":2,"minecraft:golden_shovel":32,"minecraft:iron_leggings":1},"minecraft:dropped":{"minecraft:filled_map":1,"minecraft:spruce_planks":64,"minecraft:diamond_helmet":1,"minecraft:diamond_leggings":1,"minecraft:ladder":9,"minecraft:iron_leggings":1,"minecraft:iron_helmet":1,"minecraft:diamond_boots":1,"minecraft:arrow":8,"minecraft:bone":7,"minecraft:stick":5},"minecraft:mined":{"minecraft:gray_terracotta":2,"minecraft:spruce_log":16,"minecraft:crafting_table":2,"minecraft:grass":2,"minecraft:grass_block":32,"minecraft:oak_log":5,"minecraft:tall_grass":1,"minecraft:oak_planks":8,"minecraft:player_head":1,"minecraft:pink_terracotta":2,"minecraft:spawner":20},"minecraft:custom":{"minecraft:time_since_rest":2581,"minecraft:sprint_one_cm":121671,"minecraft:damage_taken":2363,"minecraft:walk_one_cm":36675,"minecraft:damage_blocked_by_shield":90,"minecraft:mob_kills":11,"minecraft:drop":20,"minecraft:damage_dealt":1747,"minecraft:swim_one_cm":1302,"minecraft:interact_with_crafting_table":5,"minecraft:fly_one_cm":213300,"minecraft:open_chest":32,"minecraft:crouch_one_cm":6795,"minecraft:play_time":29851,"minecraft:deaths":8,"minecraft:sneak_time":2483,"minecraft:walk_under_water_one_cm":931,"minecraft:jump":926,"minecraft:walk_on_water_one_cm":524,"minecraft:time_since_death":848,"minecraft:climb_one_cm":978,"minecraft:total_world_time":29851,"minecraft:fall_one_cm":20425},"minecraft:killed":{"minecraft:skeleton":10,"minecraft:zombie":1},"minecraft:crafted":{"minecraft:oak_planks":20,"minecraft:diamond_helmet":1,"minecraft:diamond_leggings":1,"minecraft:diamond_pickaxe":1,"minecraft:iron_axe":1,"minecraft:crafting_table":1,"minecraft:spruce_planks":64,"minecraft:stick":16,"minecraft:wooden_axe":1,"minecraft:iron_sword":1,"minecraft:diamond_boots":1,"minecraft:golden_shovel":1},"minecraft:picked_up":{"minecraft:crafting_table":2,"minecraft:iron_chestplate":1,"minecraft:ladder":9,"minecraft:oak_log":5,"shieldexp:iron_shield":1,"minecraft:spruce_log":16,"minecraft:pink_terracotta":2,"minecraft:dirt":30,"minecraft:iron_leggings":1,"minecraft:bone":7,"minecraft:arrow":8,"minecraft:gray_terracotta":2,"minecraft:bow":1,"minecraft:spruce_planks":107,"minecraft:iron_helmet":1,"knight_quest:kq_great_essence":20,"minecraft:player_head":1,"minecraft:oak_planks":5,"minecraft:iron_boots":1}},"DataVersion":3120}