{"stats":{"minecraft:crafted":{"minecraft:oak_planks":20,"minecraft:diamond_helmet":1,"minecraft:diamond_leggings":1,"minecraft:iron_axe":1,"minecraft:diamond_boots":1,"minecraft:crafting_table":2,"minecraft:spruce_planks":92,"minecraft:iron_sword":1,"minecraft:golden_shovel":1,"minecraft:diamond_pickaxe":1,"minecraft:stick":16,"minecraft:wooden_axe":1,"minecraft:diamond_chestplate":1},"minecraft:killed":{"greekfantasy:cyclops":1,"born_in_chaos_v1:restless_spirit":5,"minecraft:spider":8,"minecraft:skeleton":12,"hmag:zombie_girl":1,"born_in_chaos_v1:bone_imp_n":2,"born_in_chaos_v1:baby_sk_pow":6,"born_in_chaos_v1:wither_strider":4,"greekfantasy:empusa":1,"born_in_chaos_v1:decrepit_skeleton":1,"minecraft:zombie":1,"minecraft:stray":1,"dungeons_mod:leniador":1,"born_in_chaos_v1:baby_skkl":4,"hmag:dodomeki":1,"minecraft:wither_skeleton":2},"minecraft:custom":{"minecraft:mob_kills":50,"minecraft:interact_with_crafting_table":7,"minecraft:open_barrel":26,"minecraft:damage_dealt_resisted":1106,"minecraft:leave_game":6,"minecraft:time_since_death":2021,"minecraft:climb_one_cm":2593,"minecraft:sprint_one_cm":514548,"minecraft:walk_one_cm":161901,"minecraft:damage_blocked_by_shield":150,"minecraft:drop":52,"minecraft:play_time":99565,"minecraft:deaths":19,"minecraft:sneak_time":7080,"minecraft:walk_under_water_one_cm":3845,"minecraft:jump":3181,"minecraft:walk_on_water_one_cm":3890,"minecraft:total_world_time":99565,"minecraft:sleep_in_bed":2,"minecraft:time_since_rest":2048,"minecraft:damage_taken":10015,"minecraft:damage_absorbed":850,"minecraft:trigger_trapped_chest":3,"minecraft:damage_dealt":10162,"minecraft:swim_one_cm":6425,"minecraft:fly_one_cm":795893,"minecraft:player_kills":2,"minecraft:open_chest":94,"minecraft:crouch_one_cm":19833,"minecraft:fall_one_cm":82360},"minecraft:used":{"minecraft:spruce_planks":127,"minecraft:iron_sword":87,"minecraft:player_head":1,"minecraft:dirt":26,"minecraft:pink_terracotta":2,"minecraft:golden_shovel":32,"minecraft:wooden_axe":6,"minecraft:iron_axe":46,"minecraft:smooth_sandstone":12,"minecraft:iron_boots":1,"minecraft:diamond_chestplate":1,"minecraft:bow":7,"minecraft:cooked_beef":28,"minecraft:iron_leggings":1,"minecraft:oak_planks":7,"minecraft:ender_pearl":7,"minecraft:blue_bed":4,"minecraft:golden_apple":29,"minecraft:crafting_table":4,"shieldexp:iron_shield":6,"minecraft:diamond_pickaxe":75,"minecraft:bread":5,"minecraft:diamond_sword":196},"minecraft:mined":{"minecraft:spruce_planks":4,"minecraft:grass_block":35,"minecraft:moss_block":3,"minecraft:spawner":41,"minecraft:large_fern":3,"minecraft:weeping_vines_plant":2,"minecraft:stripped_dark_oak_wood":2,"gnumus:fragile_gnumus_jug":1,"minecraft:player_head":1,"minecraft:pink_terracotta":2,"minecraft:gray_terracotta":3,"greekfantasy:terracotta_vase":2,"minecraft:smooth_sandstone":17,"minecraft:crafting_table":2,"minecraft:tall_grass":1,"minecraft:oak_planks":8,"minecraft:bricks":1,"minecraft:blue_bed":4,"minecraft:wall_torch":1,"greekfantasy:white_terracotta_vase":1,"minecraft:red_terracotta":1,"minecraft:birch_log":1,"minecraft:sweet_berry_bush":1,"minecraft:spruce_log":23,"minecraft:grass":4,"minecraft:oak_log":5,"minecraft:dirt":3,"minecraft:cobweb":2,"minecraft:stone_bricks":1,"minecraft:fern":2},"minecraft:picked_up":{"minecraft:crafting_table":2,"minecraft:iron_chestplate":1,"minecraft:ladder":9,"born_in_chaos_v1:seedof_chaos":1,"minecraft:string":66,"minecraft:iron_axe":2,"minecraft:iron_leggings":1,"minecraft:spruce_planks":112,"minecraft:player_head":1,"minecraft:iron_boots":1,"minecraft:tipped_arrow":1,"born_in_chaos_v1:shattered_skull":2,"shieldexp:iron_shield":1,"minecraft:pink_terracotta":2,"minecraft:arrow":14,"minecraft:rotten_flesh":1,"minecraft:stripped_dark_oak_wood":2,"minecraft:gold_ingot":1,"minecraft:birch_log":1,"born_in_chaos_v1:staffof_magic_arrows":1,"hmag:copper_nugget":2,"minecraft:leather":1,"minecraft:oak_log":5,"minecraft:blue_bed":5,"minecraft:dirt":31,"minecraft:smooth_sandstone":17,"minecraft:bone":15,"minecraft:bow":2,"minecraft:gray_terracotta":3,"minecraft:iron_ingot":12,"minecraft:oak_planks":5,"born_in_chaos_v1:orbofthe_summoner":3,"minecraft:spruce_log":23,"minecraft:red_terracotta":1,"minecraft:spider_eye":8,"minecraft:slime_ball":3,"minecraft:iron_helmet":1,"knight_quest:kq_great_essence":47,"minecraft:bricks":1},"minecraft:killed_by":{"born_in_chaos_v1:bonescaller_n":1,"minecraft:player":1,"born_in_chaos_v1:baby_sk_pow":1,"born_in_chaos_v1:decrepit_skeleton":1,"minecraft:skeleton":11,"greekfantasy:cyclops":1,"born_in_chaos_v1:supreme_bonescaller_s_2":1,"hmag:skeleton_girl":1,"minecraft:vex":1},"minecraft:broken":{"minecraft:diamond_helmet":1,"minecraft:iron_chestplate":1,"minecraft:golden_shovel":1},"minecraft:dropped":{"hmag:reinforcing_chain":2,"minecraft:iron_ingot":12,"minecraft:iron_sword":1,"born_in_chaos_v1:shattered_skull":1,"minecraft:diamond_leggings":1,"minecraft:iron_helmet":1,"born_in_chaos_v1:orbofthe_summoner":2,"minecraft:leather":1,"minecraft:stick":5,"minecraft:dirt":5,"hmag:copper_nugget":2,"minecraft:stripped_dark_oak_wood":2,"minecraft:diamond_helmet":1,"minecraft:iron_leggings":1,"minecraft:iron_axe":2,"minecraft:string":40,"minecraft:smooth_sandstone":5,"minecraft:birch_log":1,"minecraft:bone":11,"minecraft:bricks":1,"minecraft:rotten_flesh":1,"minecraft:red_terracotta":1,"minecraft:filled_map":1,"minecraft:diamond_sword":1,"minecraft:gray_terracotta":1,"minecraft:spruce_planks":73,"minecraft:ladder":9,"knight_quest:kq_great_essence":1,"minecraft:spider_eye":8,"minecraft:diamond_boots":1,"minecraft:arrow":8,"minecraft:bow":2}},"DataVersion":3120}