{"stats":{"minecraft:mined":{"minecraft:spruce_planks":4,"minecraft:obsidian":1,"minecraft:grass_block":40,"minecraft:moss_block":3,"minecraft:spawner":41,"minecraft:large_fern":4,"minecraft:weeping_vines_plant":2,"minecraft:fire":2,"minecraft:anvil":1,"minecraft:stripped_dark_oak_wood":2,"gnumus:fragile_gnumus_jug":3,"minecraft:stone":1,"minecraft:player_head":1,"minecraft:pink_terracotta":2,"minecraft:gray_terracotta":3,"minecraft:blackstone":1,"greekfantasy:terracotta_vase":2,"minecraft:soul_fire":1,"minecraft:basalt":24,"minecraft:smooth_sandstone":17,"minecraft:crafting_table":2,"minecraft:blast_furnace":1,"minecraft:chest":1,"minecraft:tall_grass":17,"minecraft:oak_planks":8,"minecraft:bricks":1,"minecraft:blue_bed":7,"minecraft:wall_torch":1,"greekfantasy:white_terracotta_vase":1,"minecraft:red_terracotta":1,"minecraft:birch_log":1,"minecraft:sweet_berry_bush":1,"minecraft:spruce_log":23,"minecraft:grass":35,"minecraft:oak_log":22,"minecraft:sunflower":1,"minecraft:gravel":22,"minecraft:dirt":3,"minecraft:cobweb":2,"minecraft:stone_bricks":1,"minecraft:netherrack":78,"minecraft:oak_leaves":1,"minecraft:fern":2},"minecraft:killed":{"greekfantasy:cyclops":1,"hmag:imp":1,"born_in_chaos_v1:restless_spirit":5,"minecraft:vindicator":1,"minecraft:spider":8,"minecraft:skeleton":12,"hmag:zombie_girl":1,"born_in_chaos_v1:bone_imp_n":2,"born_in_chaos_v1:baby_sk_pow":6,"born_in_chaos_v1:wither_strider":4,"greekfantasy:empusa":1,"born_in_chaos_v1:decrepit_skeleton":1,"minecraft:pillager":18,"minecraft:zombie":1,"minecraft:stray":1,"dungeons_mod:leniador":1,"born_in_chaos_v1:baby_skkl":4,"hmag:dodomeki":1,"minecraft:wither_skeleton":2,"minecraft:cow":2},"minecraft:crafted":{"minecraft:oak_door":3,"minecraft:oak_planks":88,"minecraft:flint_and_steel":1,"minecraft:diamond_helmet":1,"minecraft:diamond_leggings":1,"minecraft:iron_axe":1,"minecraft:chest":2,"minecraft:diamond_boots":1,"minecraft:crafting_table":3,"minecraft:spruce_planks":92,"minecraft:iron_sword":1,"minecraft:golden_shovel":1,"minecraft:bucket":1,"minecraft:diamond_pickaxe":1,"minecraft:stick":16,"minecraft:wooden_axe":1,"minecraft:iron_block":3,"minecraft:anvil":1,"minecraft:diamond_chestplate":1},"minecraft:used":{"minecraft:flint_and_steel":1,"minecraft:chest":3,"minecraft:spruce_planks":127,"minecraft:iron_sword":87,"minecraft:player_head":1,"minecraft:netherrack":1,"minecraft:oak_door":2,"minecraft:dirt":31,"minecraft:anvil":2,"minecraft:pink_terracotta":2,"minecraft:golden_shovel":32,"minecraft:obsidian":10,"minecraft:wooden_axe":6,"minecraft:iron_axe":65,"minecraft:smooth_sandstone":12,"minecraft:iron_boots":1,"minecraft:diamond_chestplate":1,"minecraft:basalt":23,"minecraft:bow":7,"minecraft:oak_sapling":10,"minecraft:egg":4,"minecraft:cooked_beef":31,"bygonenether:cobbled_blackstone":1,"minecraft:iron_leggings":1,"minecraft:water_bucket":10,"minecraft:oak_planks":49,"minecraft:ender_pearl":7,"minecraft:blue_bed":9,"minecraft:golden_apple":41,"minecraft:crafting_table":5,"minecraft:blast_furnace":1,"shieldexp:iron_shield":6,"minecraft:diamond_pickaxe":185,"minecraft:bread":5,"minecraft:gravel":18,"minecraft:diamond_sword":316,"minecraft:bucket":11},"minecraft:custom":{"minecraft:mob_kills":76,"minecraft:interact_with_anvil":3,"minecraft:interact_with_crafting_table":14,"minecraft:open_barrel":28,"minecraft:damage_dealt_resisted":1106,"minecraft:leave_game":9,"minecraft:time_since_death":12484,"minecraft:climb_one_cm":2593,"minecraft:sprint_one_cm":631767,"minecraft:walk_one_cm":213820,"minecraft:damage_blocked_by_shield":150,"minecraft:drop":76,"minecraft:play_time":141941,"minecraft:deaths":22,"minecraft:sneak_time":11651,"minecraft:walk_under_water_one_cm":5059,"minecraft:jump":4170,"minecraft:walk_on_water_one_cm":9005,"minecraft:total_world_time":141941,"minecraft:sleep_in_bed":4,"minecraft:time_since_rest":12516,"minecraft:damage_taken":11898,"minecraft:damage_absorbed":1242,"minecraft:trigger_trapped_chest":3,"minecraft:damage_dealt":16815,"minecraft:swim_one_cm":15160,"minecraft:fly_one_cm":988439,"minecraft:player_kills":3,"minecraft:open_chest":132,"minecraft:crouch_one_cm":39777,"minecraft:fall_one_cm":108984},"minecraft:broken":{"minecraft:diamond_helmet":1,"minecraft:iron_chestplate":1,"minecraft:golden_shovel":1},"minecraft:picked_up":{"minecraft:crafting_table":2,"minecraft:iron_chestplate":1,"minecraft:ladder":9,"minecraft:anvil":1,"born_in_chaos_v1:seedof_chaos":1,"minecraft:cornflower":1,"minecraft:string":66,"diamethysts:diamethyst_shard":1,"minecraft:iron_axe":2,"minecraft:iron_leggings":1,"minecraft:spruce_planks":112,"minecraft:beef":1,"minecraft:player_head":1,"minecraft:poppy":1,"minecraft:chest":1,"minecraft:egg":4,"minecraft:iron_boots":1,"minecraft:tipped_arrow":1,"minecraft:stick":4,"born_in_chaos_v1:shattered_skull":2,"bygonenether:cobbled_blackstone":1,"shieldexp:iron_shield":1,"minecraft:pink_terracotta":2,"minecraft:arrow":14,"minecraft:rotten_flesh":1,"minecraft:stripped_dark_oak_wood":2,"minecraft:gold_ingot":1,"minecraft:obsidian":1,"minecraft:cobblestone":1,"minecraft:birch_log":1,"born_in_chaos_v1:staffof_magic_arrows":1,"minecraft:basalt":23,"hmag:copper_nugget":2,"wandering_bags:pillager_bag":1,"minecraft:leather":2,"minecraft:flint":1,"minecraft:oak_log":22,"minecraft:dirt":36,"minecraft:blue_bed":9,"born_in_chaos_v1:marigolds":6,"minecraft:smooth_sandstone":17,"minecraft:bone":15,"minecraft:apple":1,"minecraft:gray_terracotta":3,"minecraft:bow":2,"minecraft:wheat_seeds":53,"minecraft:iron_ingot":12,"minecraft:oak_planks":33,"born_in_chaos_v1:orbofthe_summoner":3,"minecraft:dandelion":3,"minecraft:gravel":20,"minecraft:blast_furnace":1,"minecraft:spruce_log":23,"minecraft:red_terracotta":1,"minecraft:spider_eye":8,"minecraft:slime_ball":3,"minecraft:iron_helmet":1,"knight_quest:kq_great_essence":47,"minecraft:emerald":1,"minecraft:oak_sapling":10,"minecraft:netherrack":79,"minecraft:bricks":1},"minecraft:dropped":{"hmag:reinforcing_chain":2,"minecraft:iron_ingot":12,"minecraft:iron_sword":1,"born_in_chaos_v1:shattered_skull":1,"minecraft:wheat_seeds":53,"minecraft:diamond_leggings":1,"minecraft:iron_helmet":1,"minecraft:cobblestone":1,"born_in_chaos_v1:orbofthe_summoner":2,"minecraft:leather":1,"minecraft:apple":1,"minecraft:golden_apple":1,"minecraft:stick":9,"minecraft:dirt":5,"minecraft:cornflower":1,"hmag:copper_nugget":2,"minecraft:stripped_dark_oak_wood":2,"minecraft:diamond_helmet":1,"minecraft:iron_leggings":1,"minecraft:iron_axe":2,"minecraft:string":40,"minecraft:smooth_sandstone":5,"minecraft:birch_log":1,"minecraft:dandelion":3,"minecraft:bone":11,"minecraft:gravel":2,"minecraft:bricks":1,"minecraft:rotten_flesh":1,"minecraft:oak_planks":28,"minecraft:red_terracotta":1,"minecraft:filled_map":1,"minecraft:diamond_sword":1,"minecraft:poppy":1,"minecraft:gray_terracotta":1,"minecraft:spruce_planks":73,"minecraft:ladder":9,"knight_quest:kq_great_essence":1,"minecraft:spider_eye":8,"minecraft:diamond_boots":1,"minecraft:arrow":8,"minecraft:bow":2,"born_in_chaos_v1:marigolds":6},"minecraft:killed_by":{"born_in_chaos_v1:bonescaller_n":1,"minecraft:player":1,"born_in_chaos_v1:baby_sk_pow":1,"minecraft:vindicator":2,"born_in_chaos_v1:decrepit_skeleton":1,"minecraft:skeleton":11,"greekfantasy:cyclops":1,"born_in_chaos_v1:supreme_bonescaller_s_2":1,"hmag:skeleton_girl":1,"minecraft:vex":1}},"DataVersion":3120}