{"stats":{"minecraft:broken":{"minecraft:shield":1,"minecraft:iron_pickaxe":1,"minecraft:iron_shovel":1,"minecraft:stone_pickaxe":1,"minecraft:flint_and_steel":1},"minecraft:mined":{"minecraft:dragon_wall_head":2,"minecraft:red_shulker_box":3,"minecraft:white_bed":10,"minecraft:cherry_log":298,"minecraft:obsidian":19,"minecraft:granite":19,"minecraft:chiseled_polished_blackstone":4,"minecraft:acacia_log":3,"minecraft:hopper":29,"minecraft:oxeye_daisy":2,"minecraft:polished_blackstone_bricks":17,"minecraft:weeping_vines_plant":8,"minecraft:tall_seagrass":6,"minecraft:magma_block":13,"minecraft:cobbled_deepslate":15,"minecraft:fire":25,"minecraft:sticky_piston":5,"minecraft:barrel":7,"minecraft:fletching_table":9,"minecraft:deepslate_lapis_ore":13,"minecraft:water_cauldron":4,"minecraft:dirt_path":8,"minecraft:deepslate_brick_stairs":1,"minecraft:tuff_wall":1,"minecraft:iron_block":256,"minecraft:tripwire":1,"minecraft:piston_head":1,"minecraft:crimson_nylium":1,"minecraft:deepslate_tile_slab":12,"minecraft:powder_snow":4,"minecraft:torch":16,"minecraft:blast_furnace":4,"minecraft:melon":2,"minecraft:lime_shulker_box":12,"minecraft:sugar_cane":3,"minecraft:crimson_stairs":72,"minecraft:polished_diorite_stairs":3,"minecraft:mud":7,"minecraft:wheat":67,"minecraft:waxed_copper_block":4,"minecraft:blue_shulker_box":6,"minecraft:stonecutter":4,"minecraft:deepslate":930,"minecraft:deepslate_tiles":5,"minecraft:cherry_sapling":2,"minecraft:shulker_box":3,"minecraft:end_stone":15,"minecraft:waxed_oxidized_chiseled_copper":1,"minecraft:nether_bricks":8,"minecraft:dark_oak_fence":1,"minecraft:crimson_roots":12,"minecraft:redstone_wire":2,"minecraft:lime_wool":7,"minecraft:redstone_ore":8,"minecraft:waxed_oxidized_cut_copper":1,"minecraft:andesite":534,"minecraft:chiseled_tuff":1,"minecraft:potatoes":81,"minecraft:bamboo_sapling":6,"minecraft:bamboo":318,"minecraft:waxed_weathered_copper_bulb":2,"minecraft:smithing_table":8,"minecraft:oak_slab":1,"minecraft:redstone_block":1,"minecraft:comparator":1,"minecraft:observer":5,"minecraft:dandelion":8,"minecraft:tuff_slab":31,"minecraft:short_grass":686,"minecraft:warped_roots":1,"minecraft:crimson_slab":7,"minecraft:tall_grass":63,"minecraft:copper_ore":24,"minecraft:deepslate_gold_ore":5,"minecraft:diorite":35,"minecraft:spruce_log":547,"minecraft:gravel":93,"minecraft:cobweb":2,"minecraft:fern":1,"minecraft:black_shulker_box":35,"minecraft:spruce_planks":44,"minecraft:cobblestone_stairs":2,"minecraft:brewing_stand":7,"minecraft:cherry_trapdoor":13,"minecraft:grass_block":6457,"minecraft:cracked_polished_blackstone_bricks":16,"minecraft:composter":7,"minecraft:tuff_bricks":4,"minecraft:smooth_stone":11,"minecraft:glowstone":1,"minecraft:iron_ore":31,"minecraft:polished_tuff":1,"minecraft:target":1,"minecraft:deepslate_redstone_ore":27,"minecraft:blackstone":80,"minecraft:clay":5,"minecraft:calcite":14,"minecraft:poppy":1,"minecraft:beacon":3,"minecraft:chest":22,"minecraft:nether_quartz_ore":42,"minecraft:cobblestone":29,"minecraft:slime_block":8,"minecraft:grindstone":1,"minecraft:oak_planks":59,"minecraft:waxed_chiseled_copper":2,"minecraft:cauldron":10,"minecraft:seagrass":3,"minecraft:warped_nylium":11,"minecraft:dark_oak_door":2,"minecraft:nether_wart_block":1,"minecraft:tnt":6,"minecraft:smooth_stone_slab":7,"minecraft:oak_log":5,"minecraft:sand":274,"minecraft:dirt":9617,"minecraft:crimson_planks":33,"minecraft:netherrack":3318,"minecraft:ancient_debris":19,"minecraft:oak_leaves":7,"minecraft:nether_gold_ore":4,"minecraft:tuff":310,"minecraft:deepslate_diamond_ore":84,"minecraft:dark_oak_pressure_plate":1,"minecraft:decorated_pot":2,"minecraft:weeping_vines":1,"minecraft:white_stained_glass":12,"minecraft:spruce_leaves":13,"minecraft:sandstone":3,"minecraft:crimson_stem":636,"minecraft:oak_trapdoor":27,"minecraft:furnace":2,"minecraft:nether_sprouts":2,"minecraft:light_gray_shulker_box":9,"minecraft:dark_oak_fence_gate":1,"minecraft:gold_block":10,"minecraft:bell":1,"minecraft:bookshelf":16,"minecraft:deepslate_iron_ore":34,"minecraft:lantern":8,"minecraft:packed_ice":2,"minecraft:stone":5215,"minecraft:yellow_shulker_box":17,"minecraft:podzol":34,"minecraft:acacia_leaves":1,"minecraft:scaffolding":17,"minecraft:basalt":41,"minecraft:crafting_table":11,"minecraft:lectern":201,"minecraft:yellow_bed":6,"minecraft:coal_ore":96,"minecraft:cherry_leaves":35,"minecraft:end_rod":21,"minecraft:purple_shulker_box":3,"minecraft:polished_andesite":1},"minecraft:killed_by":{"minecraft:vindicator":1,"minecraft:zombie":8,"minecraft:vex":2,"minecraft:stray":3,"minecraft:player":3,"minecraft:skeleton":1,"minecraft:phantom":1},"minecraft:custom":{"minecraft:interact_with_crafting_table":69,"minecraft:open_barrel":11,"minecraft:bell_ring":43,"minecraft:leave_game":21,"minecraft:time_since_death":125741,"minecraft:damage_blocked_by_shield":3650,"minecraft:play_time":4026667,"minecraft:deaths":31,"minecraft:jump":21822,"minecraft:enchant_item":41,"minecraft:interact_with_furnace":40,"minecraft:traded_with_villager":713,"minecraft:sleep_in_bed":23,"minecraft:damage_dealt":72394,"minecraft:inspect_dispenser":28,"minecraft:horse_one_cm":861,"minecraft:interact_with_smithing_table":17,"minecraft:interact_with_anvil":28,"minecraft:inspect_hopper":239,"minecraft:sneak_time":213922,"minecraft:interact_with_blast_furnace":30,"minecraft:total_world_time":4026709,"minecraft:tune_noteblock":2,"minecraft:time_since_rest":125780,"minecraft:swim_one_cm":187764,"minecraft:fly_one_cm":8844990,"minecraft:open_chest":1112,"minecraft:fall_one_cm":529659,"minecraft:animals_bred":13,"minecraft:open_shulker_box":173,"minecraft:damage_resisted":179,"minecraft:sprint_one_cm":3301772,"minecraft:drop":887,"minecraft:talked_to_villager":539,"minecraft:interact_with_brewingstand":1,"minecraft:walk_on_water_one_cm":156424,"minecraft:interact_with_loom":4,"minecraft:open_enderchest":6,"minecraft:interact_with_beacon":19,"minecraft:player_kills":5,"minecraft:crouch_one_cm":767750,"minecraft:mob_kills":2669,"minecraft:fill_cauldron":9,"minecraft:climb_one_cm":180356,"minecraft:walk_one_cm":3071185,"minecraft:raid_win":2,"minecraft:walk_under_water_one_cm":287443,"minecraft:boat_one_cm":25531,"minecraft:raid_trigger":95,"minecraft:interact_with_grindstone":1,"minecraft:damage_taken":19909,"minecraft:damage_absorbed":35,"minecraft:aviate_one_cm":12054190},"minecraft:used":{"minecraft:tuff_bricks":4,"minecraft:nether_brick_fence":3,"minecraft:dispenser":11,"minecraft:chest":341,"minecraft:stone":388,"minecraft:rotten_flesh":1,"minecraft:soul_sand":6,"minecraft:honey_block":3,"minecraft:lava_bucket":38,"minecraft:netherite_shovel":16053,"minecraft:villager_spawn_egg":44,"minecraft:grass_block":114,"minecraft:cherry_leaves":20,"minecraft:bow":40,"minecraft:ominous_bottle":125,"minecraft:furnace":3,"minecraft:oak_sapling":4,"minecraft:acacia_fence":2,"minecraft:potato":92,"minecraft:deepslate_brick_wall":40,"minecraft:diorite":2,"minecraft:spruce_door":1,"minecraft:powered_rail":31,"minecraft:blackstone":23,"minecraft:wooden_pickaxe":14,"minecraft:composter":58,"minecraft:oak_leaves":119,"minecraft:dark_oak_trapdoor":1,"minecraft:sand":16,"minecraft:blast_furnace":7,"minecraft:deepslate_brick_stairs":53,"minecraft:birch_fence":1,"minecraft:deepslate_tiles":13,"minecraft:stone_button":80,"minecraft:lectern":205,"minecraft:diamond_sword":69,"minecraft:smithing_table":11,"minecraft:dark_oak_fence":94,"minecraft:bubble_coral_block":1,"minecraft:white_stained_glass":1276,"minecraft:oak_boat":1,"minecraft:diorite_slab":1,"minecraft:oak_trapdoor":448,"minecraft:polished_blackstone_brick_slab":1,"minecraft:armor_stand":29,"minecraft:mangrove_fence":1,"minecraft:trial_key":8,"minecraft:netherrack":99,"minecraft:torch":1783,"minecraft:light_gray_shulker_box":9,"minecraft:dragon_egg":1,"minecraft:anvil":8,"minecraft:brewing_stand":7,"minecraft:target":14,"minecraft:stone_stairs":34,"minecraft:jungle_trapdoor":27,"minecraft:oak_fence_gate":7,"minecraft:red_shulker_box":4,"minecraft:sea_lantern":1,"minecraft:bamboo_fence":3,"minecraft:iron_block":832,"minecraft:iron_axe":532,"minecraft:slime_block":50,"minecraft:warped_fence":2,"minecraft:tuff_wall":114,"minecraft:totem_of_undying":1,"minecraft:barrel":73,"minecraft:bamboo":1087,"minecraft:diamond_chestplate":1,"minecraft:basalt":12,"minecraft:glowstone":66,"minecraft:iron_trapdoor":6,"minecraft:podzol":30,"minecraft:cobbled_deepslate":383,"minecraft:cherry_fence":30,"minecraft:cherry_log":10,"minecraft:observer":73,"minecraft:crimson_stem":19,"minecraft:calcite":70,"minecraft:wheat_seeds":101,"minecraft:water_bucket":511,"minecraft:tube_coral_block":1,"minecraft:yellow_shulker_box":18,"minecraft:lime_wool":76,"minecraft:waxed_oxidized_cut_copper":1,"minecraft:cauldron":19,"minecraft:fletching_table":12,"minecraft:deepslate_bricks":3,"minecraft:polished_blackstone_bricks":16,"minecraft:rail":33,"minecraft:comparator":24,"minecraft:oak_slab":5,"minecraft:crafting_table":11,"minecraft:white_bed":25,"minecraft:dark_oak_fence_gate":10,"minecraft:lime_shulker_box":12,"minecraft:spruce_log":90,"minecraft:oak_log":13,"minecraft:mud":50,"minecraft:diamond_pickaxe":4627,"minecraft:ominous_trial_key":22,"minecraft:diamond_shovel":77,"minecraft:iron_pickaxe":287,"minecraft:spruce_trapdoor":69,"minecraft:spruce_sapling":28,"minecraft:cobblestone":176,"minecraft:crimson_stairs":56,"minecraft:andesite_stairs":11,"minecraft:glass_pane":108,"minecraft:tuff_slab":1791,"minecraft:cherry_sapling":400,"minecraft:iron_shovel":252,"minecraft:diamond_hoe":26,"minecraft:oak_sign":38,"minecraft:shield":64,"minecraft:purple_shulker_box":3,"minecraft:bell":1,"minecraft:iron_chestplate":1,"minecraft:spruce_leaves":69,"minecraft:mutton":4,"minecraft:nether_bricks":8,"minecraft:deepslate_tile_slab":71,"minecraft:tuff":1572,"minecraft:obsidian":18,"minecraft:milk_bucket":1,"minecraft:big_dripleaf":3,"minecraft:glass":228,"minecraft:lantern":78,"minecraft:iron_helmet":1,"minecraft:hopper_minecart":2,"minecraft:repeater":67,"minecraft:vault":17,"minecraft:redstone_lamp":1,"minecraft:magma_block":2,"minecraft:scaffolding":271,"minecraft:blue_shulker_box":7,"minecraft:polished_diorite_stairs":19,"minecraft:dark_oak_stairs":106,"minecraft:stone_pickaxe":131,"minecraft:jungle_fence":2,"minecraft:oak_planks":159,"minecraft:polished_diorite_slab":1,"minecraft:ender_pearl":1,"minecraft:redstone_block":10,"minecraft:sugar_cane":35,"minecraft:white_wool":1,"minecraft:loom":1,"minecraft:crossbow":4,"minecraft:lingering_potion":1,"minecraft:note_block":4,"minecraft:end_stone":8,"minecraft:creeper_spawn_egg":1,"minecraft:redstone_torch":11,"minecraft:sticky_piston":76,"minecraft:lever":10,"minecraft:firework_rocket":514,"minecraft:dark_oak_log":2,"minecraft:mace":9,"minecraft:melon_slice":12,"minecraft:string":5,"minecraft:gravel":65,"minecraft:evoker_spawn_egg":2,"minecraft:grindstone":3,"minecraft:andesite":8,"minecraft:smooth_stone_slab":169,"minecraft:bone_meal":84,"minecraft:oak_fence":3,"minecraft:netherite_sword":4148,"minecraft:crimson_fence":2,"minecraft:flint_and_steel":7,"minecraft:redstone":231,"minecraft:spruce_planks":1024,"minecraft:dirt":5769,"minecraft:hopper":153,"minecraft:shulker_box":3,"minecraft:spruce_fence":3,"minecraft:granite":9,"minecraft:bookshelf":16,"minecraft:crimson_slab":28,"minecraft:cherry_trapdoor":13,"minecraft:iron_boots":1,"minecraft:crimson_planks":41,"minecraft:golden_carrot":6,"minecraft:dark_oak_pressure_plate":8,"minecraft:deepslate_tile_stairs":16,"minecraft:white_stained_glass_pane":4,"minecraft:minecart":5,"minecraft:netherite_pickaxe":6560,"minecraft:horn_coral_block":1,"minecraft:stone_pressure_plate":10,"minecraft:cooked_beef":175,"minecraft:enchanted_golden_apple":1,"minecraft:iron_leggings":1,"minecraft:brain_coral_block":2,"minecraft:cooked_mutton":3,"minecraft:cobblestone_stairs":12,"minecraft:polished_andesite":1,"minecraft:black_shulker_box":36,"minecraft:beacon":6,"minecraft:stonecutter":5,"minecraft:vindicator_spawn_egg":59,"minecraft:waxed_copper_block":1,"minecraft:stripped_dark_oak_log":1,"minecraft:dead_fire_coral_block":1,"minecraft:dark_oak_door":9,"minecraft:piston":15,"minecraft:netherite_axe":1590,"minecraft:jungle_stairs":10,"minecraft:stone_axe":50,"minecraft:fire_coral_block":1,"minecraft:end_crystal":5,"minecraft:white_banner":1,"minecraft:bucket":58,"minecraft:yellow_bed":14,"minecraft:sea_pickle":2,"minecraft:pillager_spawn_egg":64,"minecraft:smooth_stone":377},"minecraft:dropped":{"minecraft:porkchop":6,"minecraft:ominous_bottle":17,"minecraft:cooked_beef":74,"minecraft:glass_bottle":4,"minecraft:diamond":8,"minecraft:cooked_porkchop":4,"minecraft:crossbow":38,"minecraft:weeping_vines":13,"minecraft:warped_roots":3,"minecraft:leather_helmet":1,"minecraft:emerald":398,"minecraft:dirt":3559,"minecraft:cherry_leaves":1,"minecraft:bone_meal":123,"minecraft:phantom_membrane":2,"minecraft:sand":188,"minecraft:bolt_armor_trim_smithing_template":1,"minecraft:sugar":24,"minecraft:bone":220,"minecraft:tuff_slab":68,"minecraft:dark_oak_door":4,"minecraft:stone_axe":26,"minecraft:sugar_cane":50,"minecraft:ancient_debris":1,"minecraft:iron_nugget":3,"minecraft:cobbled_deepslate":34,"minecraft:netherite_sword":3,"minecraft:wheat":1,"minecraft:rotten_flesh":85,"minecraft:oak_planks":15,"minecraft:enchanted_golden_apple":2,"minecraft:end_stone":6,"minecraft:netherite_shovel":1,"minecraft:glowstone_dust":4,"minecraft:jungle_trapdoor":256,"minecraft:wind_charge":105,"minecraft:tipped_arrow":115,"minecraft:red_candle":10,"minecraft:coal_ore":42,"minecraft:jungle_stairs":128,"minecraft:leather_boots":2,"minecraft:leather_leggings":1,"minecraft:acacia_fence":1,"minecraft:cherry_fence":16,"minecraft:lectern":1,"minecraft:egg":1,"minecraft:enchanted_book":5,"minecraft:iron_ingot":3,"minecraft:netherite_pickaxe":5,"minecraft:wheat_seeds":159,"minecraft:tnt":2,"minecraft:netherite_chestplate":1,"minecraft:iron_helmet":15,"minecraft:cobblestone":512,"minecraft:granite":11,"minecraft:chainmail_helmet":24,"minecraft:end_rod":19,"minecraft:oxeye_daisy":1,"minecraft:golden_carrot":2,"minecraft:ink_sac":2,"minecraft:waxed_weathered_copper_bulb":2,"minecraft:wooden_axe":1,"minecraft:diamond_helmet":1,"minecraft:white_banner":28,"minecraft:mud":128,"minecraft:smooth_stone":29,"minecraft:chainmail_leggings":11,"minecraft:iron_shovel":1,"minecraft:string":85,"minecraft:lily_pad":65,"minecraft:spruce_sapling":1,"minecraft:netherite_hoe":1,"minecraft:netherite_ingot":7,"minecraft:smooth_stone_slab":2,"minecraft:deepslate":2,"minecraft:diamond_hoe":8,"minecraft:stone_shovel":62,"minecraft:clay_ball":32,"minecraft:iron_boots":25,"minecraft:diamond_sword":1,"minecraft:potato":1,"minecraft:stone":595,"minecraft:sea_pickle":64,"minecraft:spruce_planks":17,"minecraft:diamond_pickaxe":3,"minecraft:fire_coral_block":1,"minecraft:spider_eye":17,"minecraft:stone_bricks":1,"minecraft:bamboo":118,"minecraft:bow":13,"minecraft:magma_block":5,"minecraft:spruce_sign":64,"minecraft:diamond_axe":1,"minecraft:oak_log":64,"minecraft:leather":3,"minecraft:spruce_leaves":1,"minecraft:flint":1,"minecraft:waxed_oxidized_chiseled_copper":1,"minecraft:cornflower":1,"minecraft:mutton":2,"minecraft:crimson_roots":11,"minecraft:seagrass":64,"minecraft:armor_stand":19,"minecraft:gravel":8,"minecraft:red_glazed_terracotta":2,"minecraft:blackstone":4,"minecraft:chiseled_tuff_bricks":1,"minecraft:cherry_sapling":46,"minecraft:chainmail_chestplate":12,"minecraft:gunpowder":48,"minecraft:ochre_froglight":1,"minecraft:chest":20,"minecraft:basalt":21,"minecraft:arrow":97,"minecraft:scaffolding":26,"minecraft:quartz":65,"minecraft:netherrack":400,"minecraft:water_bucket":2,"minecraft:golden_helmet":1,"minecraft:cherry_log":120,"minecraft:minecart":1,"minecraft:diamond_leggings":1,"minecraft:netherite_axe":1,"minecraft:ominous_trial_key":7,"minecraft:acacia_log":2,"minecraft:grass_block":193,"minecraft:stick":86,"minecraft:iron_block":2,"minecraft:diorite":2,"minecraft:torch":6,"minecraft:repeater":2,"minecraft:nether_wart_block":1,"minecraft:iron_leggings":22,"minecraft:iron_axe":6,"minecraft:flow_banner_pattern":1,"minecraft:pink_petals":4,"minecraft:bucket":1,"minecraft:dandelion":18,"minecraft:redstone":431,"minecraft:oak_trapdoor":4,"minecraft:tuff":433,"minecraft:tuff_wall":1,"minecraft:composter":3,"minecraft:villager_spawn_egg":1,"minecraft:comparator":2,"minecraft:totem_of_undying":8,"minecraft:deepslate_bricks":66,"minecraft:filled_map":6,"minecraft:shield":14,"minecraft:diamond_chestplate":2,"minecraft:iron_chestplate":13,"minecraft:andesite":291,"minecraft:oak_boat":1,"minecraft:golden_sword":1,"minecraft:slime_ball":4,"minecraft:diamond_boots":1,"minecraft:spruce_log":384,"minecraft:purple_shulker_box":3,"minecraft:wooden_pickaxe":1,"minecraft:calcite":469,"minecraft:white_stained_glass":152,"minecraft:brick":49},"minecraft:crafted":{"minecraft:chainmail_helmet":24,"minecraft:diamond_shovel":1,"minecraft:bookshelf":47,"minecraft:shulker_box":5,"minecraft:glass":96,"minecraft:diamond_helmet":1,"minecraft:diamond_leggings":2,"minecraft:netherite_boots":5,"minecraft:emerald":190,"minecraft:diamond_axe":1,"minecraft:lime_shulker_box":1,"minecraft:compass":36,"minecraft:iron_pickaxe":2,"minecraft:netherite_ingot":16,"minecraft:stone_shovel":62,"minecraft:diamond_hoe":9,"minecraft:blue_shulker_box":1,"minecraft:bone_meal":186,"minecraft:lantern":12,"minecraft:netherite_axe":1,"minecraft:light_gray_shulker_box":1,"minecraft:red_shulker_box":1,"minecraft:stone_pickaxe":1,"minecraft:diamond_boots":1,"minecraft:chainmail_leggings":11,"minecraft:crossbow":24,"minecraft:netherite_pickaxe":2,"minecraft:crimson_slab":960,"minecraft:enchanted_book":89,"minecraft:crimson_stairs":792,"minecraft:iron_shovel":1,"minecraft:iron_leggings":22,"minecraft:white_bed":1,"minecraft:oak_planks":16,"minecraft:hopper":62,"minecraft:bow":27,"minecraft:iron_boots":25,"minecraft:chest":132,"minecraft:netherite_helmet":6,"minecraft:netherite_upgrade_smithing_template":6,"minecraft:cherry_fence":33,"minecraft:oak_slab":6,"minecraft:item_frame":9,"minecraft:arrow":352,"minecraft:map":12,"minecraft:crafting_table":2,"minecraft:spruce_planks":2176,"minecraft:wooden_pickaxe":1,"minecraft:iron_helmet":13,"minecraft:chainmail_chestplate":12,"minecraft:black_shulker_box":1,"minecraft:iron_chestplate":13,"minecraft:diamond_pickaxe":1,"minecraft:shield":15,"minecraft:stick":1824,"minecraft:iron_ingot":43,"minecraft:cherry_planks":36,"minecraft:redstone":9,"minecraft:netherite_sword":1,"minecraft:furnace":1,"minecraft:oak_trapdoor":8,"minecraft:netherite_chestplate":6,"minecraft:netherite_leggings":6,"minecraft:filled_map":3,"minecraft:netherite_scrap":64,"minecraft:crimson_planks":2408,"minecraft:purple_shulker_box":1,"minecraft:bucket":1,"minecraft:stone_axe":26,"minecraft:air":0,"minecraft:netherite_shovel":1,"minecraft:torch":88,"minecraft:diamond_chestplate":2},"minecraft:picked_up":{"minecraft:wooden_axe":1,"minecraft:seagrass":1,"minecraft:smithing_table":8,"minecraft:diamond_sword":1,"minecraft:enchanted_book":13,"minecraft:purple_shulker_box":5,"minecraft:brewing_stand":7,"minecraft:golden_sword":1,"minecraft:string":43,"minecraft:dark_oak_pressure_plate":2,"minecraft:gold_nugget":45,"minecraft:cobbled_deepslate":929,"minecraft:spruce_planks":45,"minecraft:trial_key":6,"minecraft:netherite_upgrade_smithing_template":1,"minecraft:enchanted_golden_apple":4,"minecraft:melon_slice":12,"minecraft:dark_oak_door":149,"minecraft:golden_helmet":1,"minecraft:composter":7,"minecraft:big_dripleaf":3,"minecraft:acacia_log":2,"minecraft:cherry_log":298,"minecraft:waxed_weathered_copper_bulb":2,"minecraft:deepslate_tile_stairs":112,"minecraft:cauldron":14,"minecraft:honey_bottle":6,"minecraft:iron_block":259,"minecraft:end_rod":19,"minecraft:magma_block":7,"minecraft:polished_diorite_slab":64,"minecraft:cooked_beef":62,"minecraft:water_bucket":2,"minecraft:flint":14,"minecraft:cherry_fence":11,"minecraft:lantern":9,"minecraft:stonecutter":4,"minecraft:guster_banner_pattern":1,"minecraft:glowstone_dust":13,"minecraft:chiseled_polished_blackstone":4,"minecraft:ink_sac":2,"minecraft:barrel":7,"minecraft:polished_andesite":1,"minecraft:dispenser":10,"minecraft:deepslate":2,"minecraft:lever":2,"minecraft:granite":20,"minecraft:bread":2,"minecraft:dark_oak_fence":1,"minecraft:ominous_trial_key":13,"minecraft:diamond_pickaxe":3,"minecraft:crimson_roots":11,"minecraft:mud":131,"minecraft:crafting_table":9,"minecraft:ominous_bottle":14,"minecraft:clay_ball":32,"minecraft:leather_leggings":1,"minecraft:music_disc_creator":1,"minecraft:dragon_head":2,"minecraft:wind_charge":105,"minecraft:cornflower":2,"minecraft:flow_banner_pattern":1,"minecraft:elytra":1,"minecraft:flint_and_steel":1,"minecraft:white_stained_glass":155,"minecraft:glass_pane":64,"minecraft:netherite_sword":2,"minecraft:poppy":1,"minecraft:iron_nugget":2,"minecraft:minecart":1,"minecraft:chest":118,"minecraft:egg":1,"minecraft:lime_shulker_box":12,"minecraft:stone":1046,"minecraft:flow_pottery_sherd":1,"minecraft:music_disc_creator_music_box":1,"minecraft:redstone":451,"minecraft:netherite_pickaxe":3,"minecraft:tnt":4,"minecraft:waxed_oxidized_chiseled_copper":1,"minecraft:diamond_chestplate":2,"minecraft:deepslate_bricks":2,"minecraft:flow_armor_trim_smithing_template":11,"minecraft:gold_ingot":7,"minecraft:totem_of_undying":13,"minecraft:tuff_bricks":4,"minecraft:mutton":6,"minecraft:white_wool":4,"minecraft:rail":5,"minecraft:crimson_slab":8,"minecraft:oxeye_daisy":2,"minecraft:yellow_shulker_box":18,"minecraft:red_glazed_terracotta":2,"minecraft:filled_map":2,"minecraft:ochre_froglight":1,"minecraft:oak_log":5,"minecraft:lily_pad":2,"minecraft:ancient_debris":20,"minecraft:white_banner":35,"minecraft:stone_bricks":3,"minecraft:glass_bottle":11,"minecraft:gravel":52,"minecraft:dead_fire_coral_block":1,"minecraft:crimson_stairs":72,"minecraft:spruce_sapling":38,"minecraft:spruce_log":550,"minecraft:dragon_egg":1,"minecraft:leather_helmet":1,"minecraft:coal_ore":43,"minecraft:slime_ball":4,"minecraft:stone_axe":2,"minecraft:diamond_axe":1,"minecraft:warped_roots":3,"minecraft:baked_potato":14,"minecraft:stripped_dark_oak_log":256,"minecraft:hopper":27,"minecraft:ender_pearl":2,"minecraft:shulker_shell":9,"minecraft:wheat":67,"minecraft:redstone_block":1,"minecraft:light_gray_shulker_box":9,"minecraft:potion":2,"minecraft:crimson_planks":33,"minecraft:red_candle":10,"minecraft:smooth_stone_slab":4,"minecraft:armor_stand":6,"minecraft:sticky_piston":5,"minecraft:netherite_ingot":1,"minecraft:sea_pickle":1,"minecraft:deepslate_tiles":70,"minecraft:black_shulker_box":36,"minecraft:smooth_stone":33,"minecraft:comparator":9,"minecraft:redstone_torch":5,"minecraft:calcite":176,"minecraft:deepslate_tile_wall":3,"minecraft:furnace":4,"minecraft:tipped_arrow":134,"minecraft:stick":104,"minecraft:acacia_fence":2,"minecraft:torch":60,"minecraft:porkchop":6,"minecraft:target":1,"minecraft:netherite_shovel":1,"minecraft:diorite":35,"minecraft:tuff_wall":1,"minecraft:rotten_flesh":122,"minecraft:deepslate_brick_stairs":27,"minecraft:obsidian":18,"minecraft:cobblestone":889,"minecraft:pink_petals":4,"minecraft:magma_cream":2,"minecraft:repeater":36,"minecraft:cherry_planks":31,"minecraft:andesite":345,"minecraft:beacon":3,"minecraft:potato":279,"minecraft:tuff":1229,"minecraft:lapis_lazuli":190,"minecraft:dirt":7081,"minecraft:leather_boots":3,"minecraft:bone":322,"minecraft:bow":14,"minecraft:wheat_seeds":356,"minecraft:raw_gold":8,"minecraft:bell":1,"minecraft:grindstone":1,"minecraft:bolt_armor_trim_smithing_template":1,"minecraft:fletching_table":9,"minecraft:bamboo":1717,"minecraft:powered_rail":2,"minecraft:oak_planks":100,"minecraft:cooked_porkchop":15,"minecraft:poisonous_potato":1,"minecraft:sand":194,"minecraft:grass_block":2,"minecraft:diamond_block":1,"minecraft:shulker_box":3,"minecraft:sugar":24,"minecraft:diamond":169,"minecraft:slime_block":8,"minecraft:cracked_polished_blackstone_bricks":16,"minecraft:crossbow":18,"minecraft:breeze_rod":59,"minecraft:golden_apple":3,"minecraft:spruce_sign":2,"minecraft:emerald":369,"minecraft:oak_sapling":4,"minecraft:netherrack":1294,"minecraft:waxed_oxidized_cut_copper":1,"minecraft:azure_bluet":1,"minecraft:gold_block":10,"minecraft:brick":68,"minecraft:shield":2,"minecraft:oak_trapdoor":28,"minecraft:iron_axe":7,"minecraft:blackstone":41,"minecraft:oak_boat":2,"minecraft:observer":16,"minecraft:lectern":201,"minecraft:blue_shulker_box":6,"minecraft:sugar_cane":85,"minecraft:cherry_trapdoor":13,"minecraft:phantom_membrane":4,"minecraft:lime_wool":7,"minecraft:raw_iron":87,"minecraft:end_stone":14,"minecraft:polished_blackstone_bricks":16,"minecraft:cherry_fence_gate":3,"minecraft:weeping_vines":13,"minecraft:arrow":247,"minecraft:red_shulker_box":3,"minecraft:nether_bricks":8,"minecraft:basalt":33,"minecraft:golden_carrot":6,"minecraft:crimson_stem":621,"minecraft:leather":3,"minecraft:waxed_copper_block":2,"minecraft:yellow_bed":6,"minecraft:nether_wart_block":1,"minecraft:gunpowder":81,"minecraft:cobblestone_stairs":2,"minecraft:deepslate_tile_slab":37,"minecraft:cooked_mutton":3,"minecraft:iron_ingot":7,"minecraft:book":64,"minecraft:scaffolding":408,"minecraft:oak_slab":1,"minecraft:emerald_block":2,"minecraft:quartz":128,"minecraft:dandelion":21,"minecraft:tuff_slab":1080,"minecraft:blast_furnace":4,"minecraft:white_bed":11,"minecraft:dark_oak_fence_gate":19,"minecraft:spider_eye":27,"minecraft:polished_diorite_stairs":3,"minecraft:iron_helmet":2,"minecraft:cherry_sapling":124,"minecraft:netherite_hoe":1,"minecraft:chiseled_tuff_bricks":1,"minecraft:coal":39},"minecraft:killed":{"minecraft:shulker":11,"minecraft:skeleton":745,"minecraft:magma_cube":4,"minecraft:ender_dragon":1,"minecraft:pillager":161,"minecraft:zombie":656,"minecraft:evoker":13,"minecraft:vindicator":89,"minecraft:breeze":12,"minecraft:enderman":2,"minecraft:witch":28,"minecraft:spider":15,"minecraft:piglin_brute":3,"minecraft:piglin":17,"minecraft:pig":5,"minecraft:zombie_villager":6,"minecraft:creeper":705,"minecraft:sheep":4,"minecraft:stray":18,"minecraft:ghast":1,"minecraft:vex":3,"minecraft:slime":3,"minecraft:phantom":1,"minecraft:drowned":3,"minecraft:hoglin":4,"minecraft:villager":20}},"DataVersion":3953}