{"stats":{"minecraft:killed_by":{"minecraft:skeleton":10,"hmag:skeleton_girl":1},"minecraft:broken":{"minecraft:golden_shovel":1},"minecraft:used":{"minecraft:oak_planks":7,"minecraft:ender_pearl":1,"minecraft:spruce_planks":98,"minecraft:iron_sword":87,"minecraft:player_head":1,"minecraft:dirt":26,"minecraft:crafting_table":3,"minecraft:pink_terracotta":2,"minecraft:golden_shovel":32,"shieldexp:iron_shield":2,"minecraft:wooden_axe":6,"minecraft:diamond_pickaxe":39,"minecraft:iron_axe":22,"minecraft:bread":5,"minecraft:iron_boots":1,"minecraft:diamond_sword":6,"minecraft:bow":7,"minecraft:cooked_beef":10,"minecraft:iron_leggings":1},"minecraft:dropped":{"hmag:reinforcing_chain":2,"minecraft:iron_sword":1,"minecraft:diamond_leggings":1,"minecraft:iron_helmet":1,"minecraft:leather":1,"minecraft:red_terracotta":1,"minecraft:stick":5,"minecraft:filled_map":1,"minecraft:dirt":4,"minecraft:gray_terracotta":1,"minecraft:spruce_planks":73,"hmag:copper_nugget":2,"minecraft:ladder":9,"minecraft:diamond_helmet":1,"knight_quest:kq_great_essence":1,"minecraft:iron_leggings":1,"minecraft:diamond_boots":1,"minecraft:arrow":8,"minecraft:bone":9},"minecraft:mined":{"minecraft:gray_terracotta":3,"minecraft:smooth_sandstone":1,"minecraft:crafting_table":2,"minecraft:grass_block":32,"minecraft:tall_grass":1,"minecraft:oak_planks":8,"minecraft:bricks":1,"minecraft:spawner":30,"minecraft:red_terracotta":1,"minecraft:spruce_log":16,"minecraft:stripped_dark_oak_wood":2,"minecraft:grass":2,"minecraft:oak_log":5,"minecraft:player_head":1,"minecraft:pink_terracotta":2},"minecraft:custom":{"minecraft:mob_kills":14,"minecraft:interact_with_crafting_table":5,"minecraft:time_since_death":581,"minecraft:climb_one_cm":978,"minecraft:time_since_rest":607,"minecraft:sprint_one_cm":203118,"minecraft:damage_taken":4400,"minecraft:walk_one_cm":64831,"minecraft:damage_blocked_by_shield":90,"minecraft:drop":30,"minecraft:damage_dealt":2764,"minecraft:swim_one_cm":1302,"minecraft:fly_one_cm":316503,"minecraft:open_chest":46,"minecraft:crouch_one_cm":11627,"minecraft:play_time":41851,"minecraft:deaths":11,"minecraft:sneak_time":3887,"minecraft:walk_under_water_one_cm":931,"minecraft:jump":1330,"minecraft:walk_on_water_one_cm":524,"minecraft:total_world_time":41851,"minecraft:fall_one_cm":30923},"minecraft:killed":{"greekfantasy:cyclops":1,"minecraft:skeleton":10,"minecraft:zombie":1,"hmag:dodomeki":1},"minecraft:crafted":{"minecraft:oak_planks":20,"minecraft:crafting_table":1,"minecraft:spruce_planks":64,"minecraft:iron_sword":1,"minecraft:golden_shovel":1,"minecraft:diamond_helmet":1,"minecraft:diamond_leggings":1,"minecraft:diamond_pickaxe":1,"minecraft:iron_axe":1,"minecraft:stick":16,"minecraft:wooden_axe":1,"minecraft:diamond_boots":1},"minecraft:picked_up":{"minecraft:iron_chestplate":1,"minecraft:crafting_table":2,"hmag:copper_nugget":2,"minecraft:ladder":9,"minecraft:leather":1,"minecraft:oak_log":5,"minecraft:dirt":30,"minecraft:iron_leggings":1,"minecraft:smooth_sandstone":1,"minecraft:bone":9,"minecraft:bow":1,"minecraft:gray_terracotta":3,"minecraft:spruce_planks":107,"minecraft:player_head":1,"minecraft:oak_planks":5,"minecraft:iron_boots":1,"minecraft:spruce_log":16,"shieldexp:iron_shield":1,"minecraft:red_terracotta":1,"minecraft:pink_terracotta":2,"minecraft:arrow":11,"minecraft:iron_helmet":1,"minecraft:stripped_dark_oak_wood":2,"knight_quest:kq_great_essence":33,"minecraft:bricks":1}},"DataVersion":3120}