{"stats":{"minecraft:killed_by":{"hmag:skeleton_girl":1,"minecraft:skeleton":1},"minecraft:broken":{"minecraft:golden_shovel":1},"minecraft:used":{"shieldexp:iron_shield":2,"minecraft:wooden_axe":6,"minecraft:diamond_pickaxe":12,"minecraft:iron_axe":20,"minecraft:bread":5,"minecraft:oak_planks":7,"minecraft:spruce_planks":45,"minecraft:iron_sword":22,"minecraft:iron_boots":1,"minecraft:crafting_table":2,"minecraft:pink_terracotta":2,"minecraft:golden_shovel":32,"minecraft:iron_leggings":1},"minecraft:dropped":{"minecraft:spruce_planks":64,"minecraft:ladder":9,"minecraft:arrow":4,"minecraft:bone":2,"minecraft:stick":5},"minecraft:mined":{"minecraft:gray_terracotta":2,"minecraft:spruce_log":16,"minecraft:crafting_table":2,"minecraft:grass":2,"minecraft:grass_block":32,"minecraft:oak_log":5,"minecraft:tall_grass":1,"minecraft:oak_planks":8,"minecraft:pink_terracotta":2,"minecraft:spawner":8},"minecraft:custom":{"minecraft:time_since_rest":9915,"minecraft:sprint_one_cm":79106,"minecraft:damage_taken":982,"minecraft:walk_one_cm":17796,"minecraft:damage_blocked_by_shield":90,"minecraft:mob_kills":3,"minecraft:drop":10,"minecraft:damage_dealt":801,"minecraft:swim_one_cm":1302,"minecraft:interact_with_crafting_table":4,"minecraft:fly_one_cm":159172,"minecraft:open_chest":18,"minecraft:crouch_one_cm":5044,"minecraft:play_time":17851,"minecraft:deaths":2,"minecraft:sneak_time":1997,"minecraft:walk_under_water_one_cm":931,"minecraft:jump":658,"minecraft:walk_on_water_one_cm":524,"minecraft:time_since_death":9887,"minecraft:climb_one_cm":978,"minecraft:total_world_time":17851,"minecraft:fall_one_cm":14728},"minecraft:killed":{"minecraft:skeleton":3,"minecraft:zombie":1},"minecraft:crafted":{"minecraft:oak_planks":20,"minecraft:diamond_pickaxe":1,"minecraft:iron_axe":1,"minecraft:crafting_table":1,"minecraft:spruce_planks":64,"minecraft:stick":16,"minecraft:wooden_axe":1,"minecraft:iron_sword":1,"minecraft:golden_shovel":1},"minecraft:picked_up":{"minecraft:crafting_table":2,"minecraft:iron_chestplate":1,"minecraft:ladder":9,"minecraft:oak_log":5,"shieldexp:iron_shield":1,"minecraft:spruce_log":16,"minecraft:pink_terracotta":2,"minecraft:dirt":30,"minecraft:iron_leggings":1,"minecraft:bone":2,"minecraft:arrow":3,"minecraft:gray_terracotta":2,"minecraft:bow":1,"minecraft:spruce_planks":107,"minecraft:iron_helmet":1,"knight_quest:kq_great_essence":8,"minecraft:oak_planks":5,"minecraft:iron_boots":1}},"DataVersion":3120}