{"stats":{"minecraft:killed_by":{"minecraft:skeleton":11,"greekfantasy:cyclops":1,"hmag:skeleton_girl":1},"minecraft:broken":{"minecraft:iron_chestplate":1,"minecraft:golden_shovel":1},"minecraft:used":{"minecraft:oak_planks":7,"minecraft:ender_pearl":6,"minecraft:spruce_planks":108,"minecraft:iron_sword":87,"minecraft:blue_bed":1,"minecraft:player_head":1,"minecraft:golden_apple":14,"minecraft:dirt":26,"minecraft:crafting_table":4,"minecraft:pink_terracotta":2,"minecraft:golden_shovel":32,"shieldexp:iron_shield":2,"minecraft:wooden_axe":6,"minecraft:diamond_pickaxe":68,"minecraft:iron_axe":33,"minecraft:bread":5,"minecraft:smooth_sandstone":12,"minecraft:iron_boots":1,"minecraft:diamond_chestplate":1,"minecraft:diamond_sword":73,"minecraft:bow":7,"minecraft:cooked_beef":22,"minecraft:iron_leggings":1},"minecraft:dropped":{"hmag:reinforcing_chain":2,"minecraft:bricks":1,"minecraft:iron_sword":1,"minecraft:diamond_leggings":1,"minecraft:iron_helmet":1,"minecraft:rotten_flesh":1,"minecraft:leather":1,"minecraft:red_terracotta":1,"minecraft:stick":5,"minecraft:filled_map":1,"minecraft:diamond_sword":1,"minecraft:dirt":4,"minecraft:gray_terracotta":1,"minecraft:spruce_planks":73,"hmag:copper_nugget":2,"minecraft:diamond_helmet":1,"minecraft:stripped_dark_oak_wood":2,"minecraft:ladder":9,"knight_quest:kq_great_essence":1,"minecraft:iron_leggings":1,"minecraft:diamond_boots":1,"minecraft:iron_axe":1,"minecraft:arrow":8,"minecraft:smooth_sandstone":5,"minecraft:bone":11},"minecraft:mined":{"minecraft:gray_terracotta":3,"greekfantasy:terracotta_vase":2,"minecraft:smooth_sandstone":17,"minecraft:crafting_table":2,"minecraft:grass_block":32,"minecraft:tall_grass":1,"minecraft:moss_block":3,"minecraft:oak_planks":8,"minecraft:bricks":1,"minecraft:blue_bed":2,"minecraft:wall_torch":1,"minecraft:spawner":39,"minecraft:large_fern":1,"minecraft:red_terracotta":1,"minecraft:sweet_berry_bush":1,"minecraft:spruce_log":23,"minecraft:stripped_dark_oak_wood":2,"minecraft:grass":3,"minecraft:oak_log":5,"gnumus:fragile_gnumus_jug":1,"minecraft:stone_bricks":1,"minecraft:player_head":1,"minecraft:pink_terracotta":2},"minecraft:custom":{"minecraft:mob_kills":21,"minecraft:interact_with_crafting_table":7,"minecraft:open_barrel":6,"minecraft:leave_game":3,"minecraft:time_since_death":23050,"minecraft:sleep_in_bed":1,"minecraft:climb_one_cm":2593,"minecraft:time_since_rest":8712,"minecraft:damage_absorbed":388,"minecraft:sprint_one_cm":425361,"minecraft:damage_taken":6753,"minecraft:walk_one_cm":114170,"minecraft:damage_blocked_by_shield":90,"minecraft:trigger_trapped_chest":3,"minecraft:drop":39,"minecraft:damage_dealt":4814,"minecraft:swim_one_cm":6425,"minecraft:fly_one_cm":666897,"minecraft:open_chest":76,"minecraft:crouch_one_cm":14834,"minecraft:play_time":75657,"minecraft:deaths":13,"minecraft:sneak_time":5170,"minecraft:walk_under_water_one_cm":3845,"minecraft:jump":2547,"minecraft:walk_on_water_one_cm":3064,"minecraft:total_world_time":75657,"minecraft:fall_one_cm":69354},"minecraft:killed":{"greekfantasy:cyclops":1,"minecraft:spider":1,"greekfantasy:empusa":1,"minecraft:skeleton":12,"hmag:zombie_girl":1,"minecraft:zombie":1,"dungeons_mod:leniador":1,"hmag:dodomeki":1,"minecraft:wither_skeleton":2},"minecraft:crafted":{"minecraft:oak_planks":20,"minecraft:crafting_table":2,"minecraft:spruce_planks":92,"minecraft:iron_sword":1,"minecraft:golden_shovel":1,"minecraft:diamond_helmet":1,"minecraft:diamond_leggings":1,"minecraft:diamond_pickaxe":1,"minecraft:iron_axe":1,"minecraft:stick":16,"minecraft:wooden_axe":1,"minecraft:diamond_boots":1,"minecraft:diamond_chestplate":1},"minecraft:picked_up":{"minecraft:iron_chestplate":1,"minecraft:crafting_table":2,"hmag:copper_nugget":2,"minecraft:ladder":9,"minecraft:leather":1,"minecraft:oak_log":5,"minecraft:dirt":30,"minecraft:blue_bed":2,"minecraft:iron_axe":1,"minecraft:iron_leggings":1,"minecraft:smooth_sandstone":17,"minecraft:bone":11,"minecraft:gray_terracotta":3,"minecraft:bow":1,"minecraft:spruce_planks":107,"minecraft:player_head":1,"minecraft:oak_planks":5,"minecraft:iron_boots":1,"minecraft:spruce_log":23,"shieldexp:iron_shield":1,"minecraft:red_terracotta":1,"minecraft:pink_terracotta":2,"minecraft:arrow":12,"minecraft:rotten_flesh":1,"minecraft:slime_ball":3,"minecraft:iron_helmet":1,"minecraft:stripped_dark_oak_wood":2,"knight_quest:kq_great_essence":44,"minecraft:gold_ingot":1,"minecraft:bricks":1}},"DataVersion":3120}