{"stats":{"minecraft:dropped":{"minecraft:enchanted_book":1,"minecraft:wheat_seeds":6,"minecraft:diamond_axe":1,"minecraft:lapis_lazuli":13,"minecraft:feather":2,"minecraft:cobblestone":18,"minecraft:book":6,"minecraft:grass_block":1,"minecraft:leather_helmet":1,"minecraft:flint":4,"minecraft:stick":14,"minecraft:emerald":15,"minecraft:oxeye_daisy":4,"minecraft:dirt":182,"minecraft:diorite":1,"minecraft:torch":19,"minecraft:diamond_helmet":2,"minecraft:fire_charge":1,"minecraft:pumpkin":1,"minecraft:gold_nugget":16,"minecraft:iron_shovel":2,"minecraft:string":5,"minecraft:acacia_planks":1,"minecraft:dandelion":9,"minecraft:redstone":91,"minecraft:bone":4,"minecraft:sugar_cane":71,"minecraft:soul_torch":2,"minecraft:iron_nugget":18,"minecraft:cobbled_deepslate":4,"minecraft:rotten_flesh":20,"minecraft:azure_bluet":2,"minecraft:deepslate_lapis_ore":1,"minecraft:filled_map":4,"minecraft:stone":30,"minecraft:diamond_pickaxe":2,"minecraft:andesite":6,"minecraft:golden_leggings":2,"minecraft:spider_eye":3,"minecraft:barrel":4,"minecraft:bamboo":66,"minecraft:spruce_log":16,"minecraft:iron_ore":4,"minecraft:basalt":3,"minecraft:arrow":6,"minecraft:quartz":9,"minecraft:netherrack":2},"minecraft:used":{"minecraft:acacia_log":2,"minecraft:spruce_planks":1,"minecraft:chest":4,"minecraft:shield":34,"minecraft:stone":1606,"minecraft:netherrack":11,"minecraft:torch":232,"minecraft:dirt":2716,"minecraft:anvil":2,"minecraft:nether_quartz_ore":7,"minecraft:carrot":5,"minecraft:stone_stairs":41,"minecraft:bookshelf":1,"minecraft:coal_ore":2,"minecraft:lantern":31,"minecraft:copper_ore":5,"minecraft:barrel":1,"minecraft:bamboo":596,"minecraft:glowstone":158,"minecraft:magma_block":1,"minecraft:sweet_berries":3,"minecraft:egg":1,"minecraft:cooked_beef":26,"minecraft:cobbled_deepslate":37,"minecraft:enchanted_golden_apple":3,"minecraft:spruce_door":2,"minecraft:stone_pickaxe":16,"minecraft:baked_potato":70,"minecraft:ender_pearl":1,"minecraft:wooden_pickaxe":3,"minecraft:diamond_axe":364,"minecraft:crafting_table":3,"minecraft:white_bed":1,"minecraft:diamond_pickaxe":2482,"minecraft:apple":4,"minecraft:diamond_shovel":2840,"minecraft:lime_carpet":1,"minecraft:bread":17,"minecraft:melon_slice":11,"minecraft:chicken":1,"minecraft:gravel":1,"minecraft:diamond_sword":210,"minecraft:cobblestone":691,"minecraft:cooked_porkchop":6,"minecraft:dark_oak_fence":1,"minecraft:yellow_bed":1,"minecraft:dandelion":1,"minecraft:bone_meal":3,"minecraft:soul_torch":1},"minecraft:crafted":{"minecraft:bone_meal":3,"minecraft:diamond_shovel":2,"minecraft:bookshelf":1,"minecraft:stone_stairs":32,"minecraft:diamond_helmet":1,"minecraft:diamond_leggings":1,"minecraft:stone_pickaxe":1,"minecraft:diamond_boots":1,"minecraft:wheat":72,"minecraft:diamond_sword":1,"minecraft:emerald":93,"minecraft:diamond_axe":1,"minecraft:crafting_table":7,"minecraft:spruce_planks":192,"minecraft:wooden_pickaxe":1,"minecraft:baked_potato":121,"minecraft:birch_planks":8,"minecraft:enchanted_book":1,"minecraft:bread":43,"minecraft:air":0,"minecraft:diamond_pickaxe":3,"minecraft:stick":144,"minecraft:iron_ingot":70,"minecraft:gold_ingot":42,"minecraft:acacia_planks":32,"minecraft:torch":128,"minecraft:diamond_chestplate":2},"minecraft:mined":{"minecraft:spruce_planks":1,"minecraft:deepslate_diamond_ore":3,"minecraft:end_stone":1,"minecraft:glow_lichen":1,"minecraft:dark_oak_fence":1,"minecraft:acacia_log":8,"minecraft:grass_block":808,"minecraft:oxeye_daisy":4,"minecraft:spawner":1,"minecraft:hay_block":8,"minecraft:magma_block":2,"minecraft:glowstone":84,"minecraft:cobbled_deepslate":4,"minecraft:iron_ore":8,"minecraft:barrel":5,"minecraft:andesite":12,"minecraft:pumpkin":1,"minecraft:deepslate_lapis_ore":3,"minecraft:anvil":2,"minecraft:azure_bluet":2,"minecraft:bookshelf":3,"minecraft:deepslate_iron_ore":1,"minecraft:potatoes":1,"minecraft:dirt_path":4,"minecraft:lantern":8,"minecraft:bamboo_sapling":14,"minecraft:bamboo":89,"minecraft:stone":2002,"minecraft:deepslate_redstone_ore":20,"minecraft:acacia_leaves":2,"minecraft:cherry_planks":3,"minecraft:basalt":4,"minecraft:soul_torch":1,"minecraft:dandelion":12,"minecraft:spruce_door":1,"minecraft:crafting_table":1,"minecraft:cornflower":1,"minecraft:torch":88,"minecraft:short_grass":98,"minecraft:chest":4,"minecraft:lime_carpet":1,"minecraft:cobblestone":52,"minecraft:copper_ore":8,"minecraft:nether_quartz_ore":16,"minecraft:tall_grass":8,"minecraft:deepslate_gold_ore":1,"minecraft:lapis_ore":11,"minecraft:sugar_cane":37,"minecraft:diorite":1,"minecraft:wall_torch":1,"minecraft:stone_stairs":9,"minecraft:birch_log":5,"minecraft:wheat":10,"minecraft:sweet_berry_bush":1,"minecraft:birch_leaves":1,"minecraft:coal_ore":96,"minecraft:gravel":6,"minecraft:sand":1,"minecraft:dirt":2123,"minecraft:deepslate":64,"minecraft:netherrack":18,"minecraft:oak_leaves":1},"minecraft:picked_up":{"minecraft:crafting_table":1,"minecraft:wheat":10,"minecraft:azure_bluet":2,"minecraft:chicken":1,"minecraft:anvil":2,"minecraft:raw_copper":10,"minecraft:string":14,"minecraft:deepslate_lapis_ore":1,"minecraft:stone_stairs":9,"minecraft:iron_shovel":2,"minecraft:diamond_leggings":1,"minecraft:cobbled_deepslate":69,"minecraft:spruce_planks":1,"minecraft:beef":12,"minecraft:light_gray_wool":1,"minecraft:enchanted_golden_apple":2,"minecraft:sugar_cane":135,"minecraft:chest":4,"minecraft:copper_ore":5,"minecraft:egg":2,"minecraft:raw_iron":4,"minecraft:stick":4,"minecraft:stone":1621,"minecraft:torch":107,"minecraft:acacia_log":10,"minecraft:diorite":1,"minecraft:carrot":5,"minecraft:redstone":91,"minecraft:lime_carpet":1,"minecraft:arrow":11,"minecraft:rotten_flesh":46,"minecraft:hay_block":8,"minecraft:glowstone":84,"minecraft:white_wool":2,"minecraft:cobblestone":424,"minecraft:oxeye_daisy":5,"minecraft:birch_log":2,"minecraft:magma_block":1,"minecraft:cooked_beef":44,"minecraft:feather":2,"minecraft:basalt":3,"minecraft:cherry_planks":3,"minecraft:andesite":8,"minecraft:leather":28,"minecraft:golden_leggings":1,"minecraft:potato":3,"minecraft:filled_map":4,"minecraft:lapis_lazuli":77,"minecraft:dirt":2960,"minecraft:lantern":11,"minecraft:cooked_mutton":4,"minecraft:bone":17,"minecraft:wheat_seeds":14,"minecraft:raw_gold":1,"minecraft:iron_ingot":1,"minecraft:iron_ore":4,"minecraft:diamond_helmet":1,"minecraft:bamboo":671,"minecraft:book":9,"minecraft:nether_quartz_ore":7,"minecraft:cooked_porkchop":13,"minecraft:pumpkin":1,"minecraft:sweet_berries":4,"minecraft:quartz":9,"minecraft:dandelion":13,"minecraft:gravel":5,"minecraft:soul_torch":1,"minecraft:spruce_log":16,"minecraft:grass_block":1,"minecraft:spider_eye":4,"minecraft:spruce_door":1,"minecraft:barrel":9,"minecraft:leather_helmet":1,"minecraft:coal_ore":3,"minecraft:diamond":3,"minecraft:deepslate":2,"minecraft:diamond_axe":1,"minecraft:coal":92,"minecraft:netherrack":13,"minecraft:dark_oak_fence":1,"minecraft:ender_pearl":1,"minecraft:diamond_pickaxe":1},"minecraft:broken":{"minecraft:shield":1},"minecraft:killed":{"minecraft:spider":17,"minecraft:phantom":1,"minecraft:horse":1,"minecraft:skeleton":16,"minecraft:chicken":1,"minecraft:wolf":2,"minecraft:pig":5,"minecraft:creeper":10,"minecraft:sheep":3,"minecraft:zombie":53,"minecraft:enderman":1,"minecraft:cow":27},"minecraft:custom":{"minecraft:interact_with_smithing_table":2,"minecraft:mob_kills":147,"minecraft:interact_with_anvil":22,"minecraft:interact_with_crafting_table":15,"minecraft:open_barrel":9,"minecraft:open_shulker_box":14,"minecraft:leave_game":4,"minecraft:time_since_death":11434,"minecraft:climb_one_cm":5097,"minecraft:damage_resisted":367,"minecraft:sprint_one_cm":1657576,"minecraft:walk_one_cm":994123,"minecraft:damage_blocked_by_shield":3144,"minecraft:drop":92,"minecraft:talked_to_villager":114,"minecraft:play_time":460247,"minecraft:deaths":12,"minecraft:sneak_time":17245,"minecraft:walk_under_water_one_cm":3049,"minecraft:jump":6557,"minecraft:interact_with_blast_furnace":12,"minecraft:walk_on_water_one_cm":11305,"minecraft:total_world_time":460247,"minecraft:interact_with_furnace":85,"minecraft:traded_with_villager":104,"minecraft:interact_with_loom":5,"minecraft:interact_with_stonecutter":2,"minecraft:sleep_in_bed":4,"minecraft:time_since_rest":11465,"minecraft:open_enderchest":20,"minecraft:damage_taken":8791,"minecraft:damage_absorbed":475,"minecraft:damage_dealt":24735,"minecraft:swim_one_cm":93604,"minecraft:fly_one_cm":1669971,"minecraft:open_chest":377,"minecraft:crouch_one_cm":72942,"minecraft:interact_with_smoker":2,"minecraft:fall_one_cm":82698,"minecraft:inspect_dispenser":1,"minecraft:horse_one_cm":10728},"minecraft:killed_by":{"minecraft:player":5,"minecraft:creeper":1,"minecraft:skeleton":1,"minecraft:zombie":2}},"DataVersion":3953}