{"stats":{"minecraft:dropped":{"minecraft:enchanted_book":1,"minecraft:wheat_seeds":6,"minecraft:diamond_axe":1,"minecraft:feather":2,"minecraft:cobblestone":18,"minecraft:grass_block":1,"minecraft:leather_helmet":1,"minecraft:flint":4,"minecraft:stick":14,"minecraft:emerald":14,"minecraft:oxeye_daisy":4,"minecraft:dirt":182,"minecraft:diorite":1,"minecraft:torch":19,"minecraft:diamond_helmet":2,"minecraft:fire_charge":1,"minecraft:pumpkin":1,"minecraft:gold_nugget":16,"minecraft:iron_shovel":1,"minecraft:string":4,"minecraft:acacia_planks":1,"minecraft:dandelion":9,"minecraft:bone":4,"minecraft:sugar_cane":71,"minecraft:iron_nugget":18,"minecraft:rotten_flesh":11,"minecraft:azure_bluet":2,"minecraft:deepslate_lapis_ore":1,"minecraft:filled_map":4,"minecraft:stone":30,"minecraft:diamond_pickaxe":2,"minecraft:andesite":6,"minecraft:golden_leggings":2,"minecraft:spider_eye":3,"minecraft:barrel":4,"minecraft:bamboo":64,"minecraft:spruce_log":16,"minecraft:iron_ore":4,"minecraft:arrow":1,"minecraft:netherrack":2},"minecraft:used":{"minecraft:acacia_log":2,"minecraft:chest":4,"minecraft:shield":31,"minecraft:stone":1388,"minecraft:netherrack":11,"minecraft:torch":232,"minecraft:dirt":2711,"minecraft:anvil":2,"minecraft:nether_quartz_ore":7,"minecraft:carrot":5,"minecraft:stone_stairs":41,"minecraft:coal_ore":2,"minecraft:lantern":24,"minecraft:copper_ore":5,"minecraft:barrel":1,"minecraft:bamboo":596,"minecraft:glowstone":158,"minecraft:magma_block":1,"minecraft:sweet_berries":1,"minecraft:egg":1,"minecraft:cooked_beef":22,"minecraft:cobbled_deepslate":4,"minecraft:enchanted_golden_apple":3,"minecraft:spruce_door":2,"minecraft:stone_pickaxe":16,"minecraft:baked_potato":41,"minecraft:ender_pearl":1,"minecraft:wooden_pickaxe":3,"minecraft:diamond_axe":357,"minecraft:crafting_table":3,"minecraft:white_bed":1,"minecraft:diamond_pickaxe":2047,"minecraft:apple":4,"minecraft:diamond_shovel":2836,"minecraft:lime_carpet":1,"minecraft:bread":16,"minecraft:melon_slice":11,"minecraft:chicken":1,"minecraft:gravel":1,"minecraft:diamond_sword":78,"minecraft:cobblestone":149,"minecraft:cooked_porkchop":2,"minecraft:dark_oak_fence":1,"minecraft:yellow_bed":1,"minecraft:bone_meal":3,"minecraft:soul_torch":1},"minecraft:crafted":{"minecraft:bone_meal":3,"minecraft:diamond_shovel":2,"minecraft:stone_stairs":32,"minecraft:diamond_helmet":1,"minecraft:diamond_leggings":1,"minecraft:stone_pickaxe":1,"minecraft:diamond_boots":1,"minecraft:wheat":72,"minecraft:diamond_sword":1,"minecraft:emerald":70,"minecraft:diamond_axe":1,"minecraft:crafting_table":7,"minecraft:spruce_planks":192,"minecraft:wooden_pickaxe":1,"minecraft:baked_potato":57,"minecraft:birch_planks":8,"minecraft:bread":43,"minecraft:air":0,"minecraft:diamond_pickaxe":3,"minecraft:stick":144,"minecraft:iron_ingot":27,"minecraft:acacia_planks":32,"minecraft:torch":128,"minecraft:diamond_chestplate":1},"minecraft:mined":{"minecraft:end_stone":1,"minecraft:glow_lichen":1,"minecraft:dark_oak_fence":1,"minecraft:acacia_log":8,"minecraft:grass_block":803,"minecraft:oxeye_daisy":4,"minecraft:hay_block":8,"minecraft:magma_block":2,"minecraft:glowstone":84,"minecraft:iron_ore":4,"minecraft:barrel":5,"minecraft:andesite":10,"minecraft:pumpkin":1,"minecraft:deepslate_lapis_ore":2,"minecraft:anvil":2,"minecraft:azure_bluet":2,"minecraft:bookshelf":2,"minecraft:deepslate_iron_ore":1,"minecraft:potatoes":1,"minecraft:dirt_path":4,"minecraft:lantern":7,"minecraft:bamboo_sapling":14,"minecraft:bamboo":89,"minecraft:stone":1768,"minecraft:deepslate_redstone_ore":5,"minecraft:acacia_leaves":2,"minecraft:basalt":4,"minecraft:soul_torch":1,"minecraft:dandelion":11,"minecraft:spruce_door":1,"minecraft:crafting_table":1,"minecraft:cornflower":1,"minecraft:torch":88,"minecraft:short_grass":97,"minecraft:chest":4,"minecraft:lime_carpet":1,"minecraft:cobblestone":25,"minecraft:copper_ore":5,"minecraft:nether_quartz_ore":16,"minecraft:tall_grass":8,"minecraft:sugar_cane":37,"minecraft:diorite":1,"minecraft:wall_torch":1,"minecraft:stone_stairs":9,"minecraft:birch_log":5,"minecraft:wheat":10,"minecraft:birch_leaves":1,"minecraft:coal_ore":31,"minecraft:gravel":2,"minecraft:sand":1,"minecraft:dirt":2122,"minecraft:deepslate":1,"minecraft:netherrack":18,"minecraft:oak_leaves":1},"minecraft:picked_up":{"minecraft:crafting_table":1,"minecraft:wheat":10,"minecraft:azure_bluet":2,"minecraft:chicken":1,"minecraft:anvil":2,"minecraft:string":9,"minecraft:deepslate_lapis_ore":1,"minecraft:stone_stairs":9,"minecraft:iron_shovel":2,"minecraft:diamond_leggings":1,"minecraft:cobbled_deepslate":8,"minecraft:beef":12,"minecraft:enchanted_golden_apple":2,"minecraft:sugar_cane":135,"minecraft:chest":4,"minecraft:copper_ore":5,"minecraft:egg":1,"minecraft:stick":4,"minecraft:stone":1615,"minecraft:torch":107,"minecraft:acacia_log":10,"minecraft:diorite":1,"minecraft:carrot":4,"minecraft:redstone":23,"minecraft:lime_carpet":1,"minecraft:arrow":4,"minecraft:rotten_flesh":27,"minecraft:hay_block":8,"minecraft:glowstone":84,"minecraft:cobblestone":170,"minecraft:oxeye_daisy":5,"minecraft:birch_log":2,"minecraft:magma_block":1,"minecraft:feather":2,"minecraft:basalt":3,"minecraft:andesite":6,"minecraft:leather":3,"minecraft:golden_leggings":1,"minecraft:potato":3,"minecraft:filled_map":4,"minecraft:dirt":2933,"minecraft:lantern":10,"minecraft:bone":10,"minecraft:wheat_seeds":14,"minecraft:iron_ore":4,"minecraft:diamond_helmet":1,"minecraft:bamboo":671,"minecraft:book":6,"minecraft:nether_quartz_ore":7,"minecraft:cooked_porkchop":2,"minecraft:pumpkin":1,"minecraft:sweet_berries":2,"minecraft:quartz":9,"minecraft:dandelion":12,"minecraft:gravel":1,"minecraft:soul_torch":1,"minecraft:spruce_log":16,"minecraft:grass_block":1,"minecraft:spider_eye":4,"minecraft:spruce_door":1,"minecraft:barrel":9,"minecraft:leather_helmet":1,"minecraft:coal_ore":3,"minecraft:deepslate":2,"minecraft:diamond_axe":1,"minecraft:coal":28,"minecraft:netherrack":13,"minecraft:dark_oak_fence":1,"minecraft:ender_pearl":1,"minecraft:diamond_pickaxe":1},"minecraft:killed":{"minecraft:spider":14,"minecraft:phantom":1,"minecraft:skeleton":9,"minecraft:chicken":1,"minecraft:wolf":2,"minecraft:pig":1,"minecraft:creeper":6,"minecraft:zombie":34,"minecraft:enderman":1,"minecraft:cow":5},"minecraft:custom":{"minecraft:interact_with_smithing_table":2,"minecraft:mob_kills":77,"minecraft:interact_with_anvil":8,"minecraft:interact_with_crafting_table":14,"minecraft:open_barrel":7,"minecraft:open_shulker_box":14,"minecraft:leave_game":3,"minecraft:time_since_death":4497,"minecraft:climb_one_cm":5097,"minecraft:damage_resisted":367,"minecraft:sprint_one_cm":1382229,"minecraft:walk_one_cm":854391,"minecraft:damage_blocked_by_shield":2994,"minecraft:drop":76,"minecraft:talked_to_villager":89,"minecraft:play_time":388784,"minecraft:deaths":9,"minecraft:sneak_time":14577,"minecraft:walk_under_water_one_cm":2990,"minecraft:jump":5244,"minecraft:interact_with_blast_furnace":11,"minecraft:walk_on_water_one_cm":11074,"minecraft:total_world_time":388784,"minecraft:interact_with_furnace":33,"minecraft:traded_with_villager":79,"minecraft:interact_with_loom":3,"minecraft:interact_with_stonecutter":2,"minecraft:sleep_in_bed":3,"minecraft:time_since_rest":4529,"minecraft:open_enderchest":14,"minecraft:damage_taken":6353,"minecraft:damage_absorbed":475,"minecraft:damage_dealt":15149,"minecraft:swim_one_cm":90729,"minecraft:fly_one_cm":1382680,"minecraft:open_chest":270,"minecraft:crouch_one_cm":64119,"minecraft:interact_with_smoker":2,"minecraft:fall_one_cm":53975,"minecraft:inspect_dispenser":1,"minecraft:horse_one_cm":10728},"minecraft:killed_by":{"minecraft:player":5,"minecraft:creeper":1,"minecraft:skeleton":1}},"DataVersion":3953}