{"stats":{"minecraft:mined":{"minecraft:end_stone":1,"minecraft:dark_oak_fence":1,"minecraft:acacia_log":8,"minecraft:grass_block":777,"minecraft:oxeye_daisy":2,"minecraft:hay_block":8,"minecraft:glowstone":74,"minecraft:iron_ore":4,"minecraft:barrel":5,"minecraft:andesite":10,"minecraft:pumpkin":1,"minecraft:anvil":2,"minecraft:azure_bluet":2,"minecraft:potatoes":1,"minecraft:dirt_path":4,"minecraft:lantern":5,"minecraft:bamboo":5,"minecraft:stone":1637,"minecraft:acacia_leaves":2,"minecraft:soul_torch":1,"minecraft:spruce_door":1,"minecraft:dandelion":7,"minecraft:crafting_table":1,"minecraft:cornflower":1,"minecraft:torch":86,"minecraft:short_grass":62,"minecraft:chest":4,"minecraft:lime_carpet":1,"minecraft:cobblestone":10,"minecraft:nether_quartz_ore":7,"minecraft:tall_grass":3,"minecraft:copper_ore":5,"minecraft:sugar_cane":37,"minecraft:diorite":1,"minecraft:wall_torch":1,"minecraft:stone_stairs":8,"minecraft:birch_log":5,"minecraft:wheat":10,"minecraft:birch_leaves":1,"minecraft:coal_ore":3,"minecraft:gravel":2,"minecraft:sand":1,"minecraft:dirt":2059,"minecraft:netherrack":3,"minecraft:oak_leaves":1},"minecraft:killed_by":{"minecraft:player":5,"minecraft:skeleton":1},"minecraft:used":{"minecraft:acacia_log":2,"minecraft:chest":4,"minecraft:shield":28,"minecraft:stone":1273,"minecraft:torch":229,"minecraft:dirt":2579,"minecraft:anvil":2,"minecraft:carrot":1,"minecraft:stone_stairs":20,"minecraft:coal_ore":2,"minecraft:lantern":23,"minecraft:copper_ore":5,"minecraft:barrel":1,"minecraft:bamboo":55,"minecraft:glowstone":74,"minecraft:egg":1,"minecraft:cooked_beef":22,"minecraft:enchanted_golden_apple":3,"minecraft:spruce_door":2,"minecraft:stone_pickaxe":16,"minecraft:baked_potato":12,"minecraft:ender_pearl":1,"minecraft:wooden_pickaxe":3,"minecraft:diamond_axe":271,"minecraft:crafting_table":3,"minecraft:white_bed":1,"minecraft:diamond_pickaxe":1807,"minecraft:apple":4,"minecraft:diamond_shovel":2756,"minecraft:chicken":1,"minecraft:lime_carpet":1,"minecraft:bread":16,"minecraft:melon_slice":11,"minecraft:gravel":1,"minecraft:diamond_sword":35,"minecraft:cobblestone":44,"minecraft:cooked_porkchop":2,"minecraft:dark_oak_fence":1,"minecraft:yellow_bed":1,"minecraft:soul_torch":1},"minecraft:custom":{"minecraft:interact_with_anvil":7,"minecraft:mob_kills":67,"minecraft:interact_with_crafting_table":13,"minecraft:open_barrel":6,"minecraft:open_shulker_box":10,"minecraft:leave_game":3,"minecraft:time_since_death":51286,"minecraft:climb_one_cm":4006,"minecraft:damage_resisted":367,"minecraft:sprint_one_cm":1060772,"minecraft:walk_one_cm":637721,"minecraft:damage_blocked_by_shield":2829,"minecraft:drop":66,"minecraft:talked_to_villager":61,"minecraft:play_time":315619,"minecraft:deaths":7,"minecraft:sneak_time":14031,"minecraft:walk_under_water_one_cm":2369,"minecraft:jump":3831,"minecraft:walk_on_water_one_cm":4971,"minecraft:total_world_time":315619,"minecraft:interact_with_furnace":20,"minecraft:traded_with_villager":56,"minecraft:interact_with_loom":2,"minecraft:interact_with_stonecutter":1,"minecraft:sleep_in_bed":3,"minecraft:time_since_rest":51310,"minecraft:open_enderchest":9,"minecraft:damage_taken":4866,"minecraft:damage_absorbed":475,"minecraft:damage_dealt":13379,"minecraft:swim_one_cm":79245,"minecraft:fly_one_cm":1007450,"minecraft:open_chest":195,"minecraft:crouch_one_cm":62671,"minecraft:interact_with_smoker":2,"minecraft:inspect_dispenser":1,"minecraft:fall_one_cm":39443,"minecraft:horse_one_cm":10728},"minecraft:crafted":{"minecraft:diamond_shovel":2,"minecraft:stone_stairs":16,"minecraft:diamond_helmet":1,"minecraft:diamond_leggings":1,"minecraft:stone_pickaxe":1,"minecraft:diamond_boots":1,"minecraft:wheat":72,"minecraft:diamond_sword":1,"minecraft:emerald":48,"minecraft:diamond_axe":1,"minecraft:crafting_table":7,"minecraft:spruce_planks":192,"minecraft:baked_potato":41,"minecraft:wooden_pickaxe":1,"minecraft:birch_planks":8,"minecraft:bread":43,"minecraft:air":0,"minecraft:diamond_pickaxe":2,"minecraft:stick":144,"minecraft:acacia_planks":32,"minecraft:torch":128,"minecraft:diamond_chestplate":1},"minecraft:dropped":{"minecraft:enchanted_book":1,"minecraft:wheat_seeds":2,"minecraft:diamond_axe":1,"minecraft:feather":2,"minecraft:cobblestone":18,"minecraft:grass_block":1,"minecraft:leather_helmet":1,"minecraft:flint":4,"minecraft:stick":14,"minecraft:emerald":14,"minecraft:oxeye_daisy":1,"minecraft:dirt":182,"minecraft:diorite":1,"minecraft:torch":19,"minecraft:diamond_helmet":2,"minecraft:fire_charge":1,"minecraft:gold_nugget":16,"minecraft:pumpkin":1,"minecraft:string":2,"minecraft:acacia_planks":1,"minecraft:dandelion":8,"minecraft:bone":4,"minecraft:sugar_cane":71,"minecraft:iron_nugget":18,"minecraft:rotten_flesh":11,"minecraft:azure_bluet":2,"minecraft:filled_map":4,"minecraft:stone":30,"minecraft:diamond_pickaxe":2,"minecraft:andesite":6,"minecraft:golden_leggings":2,"minecraft:barrel":4,"minecraft:spider_eye":3,"minecraft:bamboo":64,"minecraft:spruce_log":16,"minecraft:iron_ore":4,"minecraft:arrow":1},"minecraft:picked_up":{"minecraft:crafting_table":1,"minecraft:wheat":10,"minecraft:azure_bluet":2,"minecraft:chicken":1,"minecraft:anvil":2,"minecraft:string":6,"minecraft:stone_stairs":8,"minecraft:diamond_leggings":1,"minecraft:beef":12,"minecraft:enchanted_golden_apple":2,"minecraft:sugar_cane":135,"minecraft:chest":4,"minecraft:egg":1,"minecraft:copper_ore":5,"minecraft:stick":4,"minecraft:stone":1526,"minecraft:torch":104,"minecraft:acacia_log":10,"minecraft:diorite":1,"minecraft:carrot":4,"minecraft:lime_carpet":1,"minecraft:arrow":2,"minecraft:rotten_flesh":24,"minecraft:hay_block":8,"minecraft:glowstone":74,"minecraft:cobblestone":115,"minecraft:oxeye_daisy":1,"minecraft:birch_log":2,"minecraft:feather":2,"minecraft:andesite":6,"minecraft:leather":3,"minecraft:golden_leggings":1,"minecraft:potato":3,"minecraft:filled_map":4,"minecraft:dirt":2818,"minecraft:lantern":7,"minecraft:bone":9,"minecraft:wheat_seeds":4,"minecraft:iron_ore":4,"minecraft:diamond_helmet":1,"minecraft:bamboo":129,"minecraft:nether_quartz_ore":7,"minecraft:cooked_porkchop":2,"minecraft:pumpkin":1,"minecraft:sweet_berries":2,"minecraft:dandelion":8,"minecraft:gravel":1,"minecraft:soul_torch":1,"minecraft:grass_block":1,"minecraft:spruce_log":16,"minecraft:barrel":9,"minecraft:spruce_door":1,"minecraft:spider_eye":4,"minecraft:leather_helmet":1,"minecraft:coal_ore":3,"minecraft:deepslate":2,"minecraft:diamond_axe":1,"minecraft:netherrack":2,"minecraft:dark_oak_fence":1,"minecraft:diamond_pickaxe":1,"minecraft:ender_pearl":1},"minecraft:killed":{"minecraft:spider":12,"minecraft:phantom":1,"minecraft:skeleton":8,"minecraft:chicken":1,"minecraft:wolf":2,"minecraft:pig":1,"minecraft:creeper":6,"minecraft:zombie":30,"minecraft:enderman":1,"minecraft:cow":5}},"DataVersion":3953}