{"stats":{"minecraft:dropped":{"minecraft:enchanted_book":1,"minecraft:wheat_seeds":2,"minecraft:diamond_axe":1,"minecraft:feather":2,"minecraft:cobblestone":18,"minecraft:grass_block":1,"minecraft:leather_helmet":1,"minecraft:flint":4,"minecraft:stick":14,"minecraft:emerald":14,"minecraft:oxeye_daisy":1,"minecraft:dirt":182,"minecraft:diorite":1,"minecraft:torch":19,"minecraft:diamond_helmet":2,"minecraft:fire_charge":1,"minecraft:pumpkin":1,"minecraft:gold_nugget":16,"minecraft:string":2,"minecraft:acacia_planks":1,"minecraft:dandelion":8,"minecraft:bone":4,"minecraft:sugar_cane":71,"minecraft:iron_nugget":18,"minecraft:rotten_flesh":11,"minecraft:azure_bluet":2,"minecraft:filled_map":4,"minecraft:stone":30,"minecraft:diamond_pickaxe":2,"minecraft:andesite":6,"minecraft:golden_leggings":2,"minecraft:spider_eye":3,"minecraft:barrel":4,"minecraft:bamboo":64,"minecraft:spruce_log":16,"minecraft:iron_ore":4,"minecraft:arrow":1},"minecraft:used":{"minecraft:acacia_log":2,"minecraft:chest":4,"minecraft:shield":30,"minecraft:stone":1280,"minecraft:torch":230,"minecraft:dirt":2617,"minecraft:anvil":2,"minecraft:carrot":5,"minecraft:stone_stairs":20,"minecraft:coal_ore":2,"minecraft:lantern":23,"minecraft:copper_ore":5,"minecraft:barrel":1,"minecraft:bamboo":448,"minecraft:glowstone":74,"minecraft:magma_block":1,"minecraft:sweet_berries":1,"minecraft:egg":1,"minecraft:cooked_beef":22,"minecraft:enchanted_golden_apple":3,"minecraft:spruce_door":2,"minecraft:stone_pickaxe":16,"minecraft:baked_potato":32,"minecraft:ender_pearl":1,"minecraft:wooden_pickaxe":3,"minecraft:diamond_axe":309,"minecraft:crafting_table":3,"minecraft:white_bed":1,"minecraft:diamond_pickaxe":1823,"minecraft:apple":4,"minecraft:diamond_shovel":2757,"minecraft:lime_carpet":1,"minecraft:bread":16,"minecraft:melon_slice":11,"minecraft:chicken":1,"minecraft:gravel":1,"minecraft:diamond_sword":74,"minecraft:cobblestone":44,"minecraft:cooked_porkchop":2,"minecraft:dark_oak_fence":1,"minecraft:yellow_bed":1,"minecraft:bone_meal":3,"minecraft:soul_torch":1},"minecraft:crafted":{"minecraft:bone_meal":3,"minecraft:diamond_shovel":2,"minecraft:stone_stairs":16,"minecraft:diamond_helmet":1,"minecraft:diamond_leggings":1,"minecraft:stone_pickaxe":1,"minecraft:diamond_boots":1,"minecraft:wheat":72,"minecraft:diamond_sword":1,"minecraft:emerald":70,"minecraft:diamond_axe":1,"minecraft:crafting_table":7,"minecraft:spruce_planks":192,"minecraft:wooden_pickaxe":1,"minecraft:baked_potato":41,"minecraft:birch_planks":8,"minecraft:bread":43,"minecraft:air":0,"minecraft:diamond_pickaxe":3,"minecraft:stick":144,"minecraft:iron_ingot":27,"minecraft:acacia_planks":32,"minecraft:torch":128,"minecraft:diamond_chestplate":1},"minecraft:mined":{"minecraft:end_stone":1,"minecraft:dark_oak_fence":1,"minecraft:acacia_log":8,"minecraft:grass_block":779,"minecraft:oxeye_daisy":2,"minecraft:hay_block":8,"minecraft:magma_block":2,"minecraft:glowstone":74,"minecraft:iron_ore":4,"minecraft:barrel":5,"minecraft:andesite":10,"minecraft:pumpkin":1,"minecraft:deepslate_lapis_ore":2,"minecraft:anvil":2,"minecraft:azure_bluet":2,"minecraft:bookshelf":2,"minecraft:deepslate_iron_ore":1,"minecraft:potatoes":1,"minecraft:dirt_path":4,"minecraft:lantern":7,"minecraft:bamboo_sapling":3,"minecraft:bamboo":52,"minecraft:stone":1645,"minecraft:deepslate_redstone_ore":1,"minecraft:acacia_leaves":2,"minecraft:soul_torch":1,"minecraft:dandelion":7,"minecraft:spruce_door":1,"minecraft:crafting_table":1,"minecraft:cornflower":1,"minecraft:torch":86,"minecraft:short_grass":63,"minecraft:chest":4,"minecraft:lime_carpet":1,"minecraft:cobblestone":10,"minecraft:copper_ore":5,"minecraft:nether_quartz_ore":7,"minecraft:tall_grass":3,"minecraft:sugar_cane":37,"minecraft:diorite":1,"minecraft:wall_torch":1,"minecraft:stone_stairs":8,"minecraft:birch_log":5,"minecraft:wheat":10,"minecraft:birch_leaves":1,"minecraft:coal_ore":3,"minecraft:gravel":2,"minecraft:sand":1,"minecraft:dirt":2064,"minecraft:netherrack":3,"minecraft:oak_leaves":1},"minecraft:picked_up":{"minecraft:crafting_table":1,"minecraft:wheat":10,"minecraft:azure_bluet":2,"minecraft:chicken":1,"minecraft:anvil":2,"minecraft:string":8,"minecraft:deepslate_lapis_ore":1,"minecraft:stone_stairs":8,"minecraft:iron_shovel":1,"minecraft:diamond_leggings":1,"minecraft:cobbled_deepslate":7,"minecraft:beef":12,"minecraft:enchanted_golden_apple":2,"minecraft:sugar_cane":135,"minecraft:chest":4,"minecraft:copper_ore":5,"minecraft:egg":1,"minecraft:stick":4,"minecraft:stone":1532,"minecraft:torch":105,"minecraft:acacia_log":10,"minecraft:diorite":1,"minecraft:carrot":4,"minecraft:redstone":5,"minecraft:lime_carpet":1,"minecraft:arrow":4,"minecraft:rotten_flesh":27,"minecraft:hay_block":8,"minecraft:glowstone":74,"minecraft:cobblestone":115,"minecraft:oxeye_daisy":1,"minecraft:birch_log":2,"minecraft:magma_block":1,"minecraft:feather":2,"minecraft:andesite":6,"minecraft:leather":3,"minecraft:golden_leggings":1,"minecraft:potato":3,"minecraft:filled_map":4,"minecraft:dirt":2840,"minecraft:lantern":9,"minecraft:bone":10,"minecraft:wheat_seeds":5,"minecraft:iron_ore":4,"minecraft:diamond_helmet":1,"minecraft:bamboo":605,"minecraft:book":6,"minecraft:nether_quartz_ore":7,"minecraft:cooked_porkchop":2,"minecraft:pumpkin":1,"minecraft:sweet_berries":2,"minecraft:dandelion":8,"minecraft:gravel":1,"minecraft:soul_torch":1,"minecraft:spruce_log":16,"minecraft:grass_block":1,"minecraft:spider_eye":4,"minecraft:spruce_door":1,"minecraft:barrel":9,"minecraft:leather_helmet":1,"minecraft:coal_ore":3,"minecraft:deepslate":2,"minecraft:diamond_axe":1,"minecraft:netherrack":2,"minecraft:dark_oak_fence":1,"minecraft:ender_pearl":1,"minecraft:diamond_pickaxe":1},"minecraft:killed":{"minecraft:spider":14,"minecraft:phantom":1,"minecraft:skeleton":9,"minecraft:chicken":1,"minecraft:wolf":2,"minecraft:pig":1,"minecraft:creeper":6,"minecraft:zombie":34,"minecraft:enderman":1,"minecraft:cow":5},"minecraft:custom":{"minecraft:interact_with_smithing_table":2,"minecraft:mob_kills":76,"minecraft:interact_with_anvil":7,"minecraft:interact_with_crafting_table":13,"minecraft:open_barrel":7,"minecraft:open_shulker_box":10,"minecraft:leave_game":3,"minecraft:time_since_death":17748,"minecraft:climb_one_cm":4084,"minecraft:damage_resisted":367,"minecraft:sprint_one_cm":1247398,"minecraft:walk_one_cm":745896,"minecraft:damage_blocked_by_shield":2934,"minecraft:drop":66,"minecraft:talked_to_villager":88,"minecraft:play_time":352784,"minecraft:deaths":8,"minecraft:sneak_time":14375,"minecraft:walk_under_water_one_cm":2990,"minecraft:jump":4638,"minecraft:interact_with_blast_furnace":10,"minecraft:walk_on_water_one_cm":10925,"minecraft:total_world_time":352784,"minecraft:interact_with_furnace":26,"minecraft:traded_with_villager":79,"minecraft:interact_with_loom":3,"minecraft:interact_with_stonecutter":1,"minecraft:sleep_in_bed":3,"minecraft:time_since_rest":17774,"minecraft:open_enderchest":13,"minecraft:damage_taken":5889,"minecraft:damage_absorbed":475,"minecraft:damage_dealt":14923,"minecraft:swim_one_cm":90729,"minecraft:fly_one_cm":1249607,"minecraft:open_chest":264,"minecraft:crouch_one_cm":63062,"minecraft:interact_with_smoker":2,"minecraft:fall_one_cm":43658,"minecraft:inspect_dispenser":1,"minecraft:horse_one_cm":10728},"minecraft:killed_by":{"minecraft:player":5,"minecraft:creeper":1,"minecraft:skeleton":1}},"DataVersion":3953}