{"stats":{"minecraft:mined":{"minecraft:acacia_log":3,"minecraft:acacia_leaves":1,"minecraft:tall_grass":1},"minecraft:crafted":{"minecraft:cherry_planks":396},"minecraft:picked_up":{"minecraft:rotten_flesh":1,"minecraft:wheat_seeds":1,"minecraft:acacia_log":3},"minecraft:custom":{"minecraft:time_since_rest":4531,"minecraft:open_chest":29,"minecraft:crouch_one_cm":1057,"minecraft:play_time":5855,"minecraft:sprint_one_cm":23700,"minecraft:open_shulker_box":3,"minecraft:walk_one_cm":10811,"minecraft:damage_taken":418,"minecraft:deaths":1,"minecraft:sneak_time":250,"minecraft:walk_under_water_one_cm":561,"minecraft:jump":139,"minecraft:walk_on_water_one_cm":10,"minecraft:time_since_death":4493,"minecraft:total_world_time":5855,"minecraft:climb_one_cm":1013,"minecraft:swim_one_cm":2846,"minecraft:fall_one_cm":3018,"minecraft:fly_one_cm":45170},"minecraft:killed_by":{"minecraft:player":1}},"DataVersion":3953}