{"stats":{"minecraft:dropped":{"minecraft:dirt":3,"minecraft:stone":11,"minecraft:wheat_seeds":3,"minecraft:torch":2,"minecraft:iron_chestplate":1,"minecraft:wheat":1,"minecraft:cherry_planks":8,"minecraft:iron_helmet":1,"minecraft:iron_leggings":1,"minecraft:rotten_flesh":1,"minecraft:iron_boots":1,"minecraft:armor_stand":1},"minecraft:used":{"minecraft:firework_rocket":3,"minecraft:redstone":1,"minecraft:cherry_planks":5,"minecraft:iron_sword":2,"minecraft:bow":4,"minecraft:sweet_berries":3,"minecraft:carrot":14,"minecraft:crossbow":14},"minecraft:mined":{"minecraft:acacia_leaves":1,"minecraft:cherry_planks":2,"minecraft:acacia_log":3,"minecraft:grass_block":1,"minecraft:tall_grass":1},"minecraft:crafted":{"minecraft:cherry_planks":396},"minecraft:picked_up":{"minecraft:wheat":1,"minecraft:ominous_bottle":1,"minecraft:cherry_planks":1,"minecraft:sweet_berries":10,"minecraft:torch":4,"minecraft:acacia_log":3,"minecraft:redstone":1,"minecraft:dirt":3,"minecraft:elytra":1,"minecraft:armor_stand":1,"minecraft:firework_rocket":61,"minecraft:rotten_flesh":1,"minecraft:wheat_seeds":3,"minecraft:emerald":111},"minecraft:custom":{"minecraft:time_since_rest":41474,"minecraft:sprint_one_cm":85293,"minecraft:damage_taken":714,"minecraft:walk_one_cm":52983,"minecraft:drop":13,"minecraft:minecart_one_cm":17,"minecraft:damage_dealt":60,"minecraft:swim_one_cm":22973,"minecraft:talked_to_villager":11,"minecraft:fly_one_cm":148705,"minecraft:open_chest":84,"minecraft:open_shulker_box":3,"minecraft:crouch_one_cm":9585,"minecraft:play_time":47855,"minecraft:interact_with_loom":1,"minecraft:deaths":1,"minecraft:sneak_time":3640,"minecraft:walk_under_water_one_cm":7637,"minecraft:aviate_one_cm":101938,"minecraft:jump":564,"minecraft:time_since_death":46493,"minecraft:walk_on_water_one_cm":2275,"minecraft:sleep_in_bed":1,"minecraft:climb_one_cm":1013,"minecraft:total_world_time":47855,"minecraft:fall_one_cm":8281},"minecraft:killed_by":{"minecraft:player":1}},"DataVersion":3953}