{"stats":{"minecraft:used":{"minecraft:cherry_sapling":17,"minecraft:ladder":19,"minecraft:stone":28,"minecraft:purple_shulker_box":5,"minecraft:torch":16,"minecraft:dirt":98,"minecraft:deepslate_tile_slab":314,"minecraft:tuff":2,"minecraft:red_shulker_box":3,"minecraft:lantern":6,"minecraft:grass_block":14,"minecraft:cherry_slab":28,"minecraft:crimson_slab":141,"minecraft:cherry_trapdoor":308,"minecraft:cherry_leaves":8,"minecraft:cherry_button":24,"minecraft:cherry_fence_gate":108,"minecraft:crimson_planks":144,"minecraft:stone_brick_stairs":65,"minecraft:stone_bricks":21,"minecraft:bamboo":79,"minecraft:blue_shulker_box":3,"minecraft:deepslate_tile_stairs":120,"minecraft:netherite_pickaxe":1060,"minecraft:cherry_fence":187,"minecraft:cobbled_deepslate":41,"minecraft:cherry_log":942,"minecraft:calcite":340,"minecraft:water_bucket":63,"minecraft:polished_andesite":501,"minecraft:baked_potato":89,"minecraft:blackstone":18,"minecraft:cherry_planks":354,"minecraft:diamond_axe":1156,"minecraft:stonecutter":3,"minecraft:white_wool":3,"minecraft:sand":9,"minecraft:crafting_table":5,"minecraft:stone_brick_wall":40,"minecraft:shears":34,"minecraft:deepslate_tile_wall":114,"minecraft:deepslate_tiles":282,"minecraft:oxeye_daisy":1,"minecraft:diamond_pickaxe":131,"minecraft:cherry_hanging_sign":60,"minecraft:cherry_door":31,"minecraft:bread":8,"minecraft:netherite_axe":32,"minecraft:pink_petals":97,"minecraft:diamond_sword":403,"minecraft:cherry_stairs":342,"minecraft:crimson_stairs":170,"minecraft:chain":3,"minecraft:bucket":63,"minecraft:oak_boat":7,"minecraft:bone_meal":59,"minecraft:smooth_stone":1},"minecraft:mined":{"minecraft:deepslate_tiles":222,"minecraft:spruce_planks":3,"minecraft:red_shulker_box":3,"minecraft:cherry_log":226,"minecraft:cherry_sapling":8,"minecraft:stripped_cherry_log":65,"minecraft:mangrove_roots":1,"minecraft:cherry_trapdoor":128,"minecraft:deepslate_tile_wall":2,"minecraft:grass_block":48,"minecraft:stone_brick_wall":10,"minecraft:deepslate_tile_stairs":104,"minecraft:oxeye_daisy":3,"minecraft:smooth_stone":1,"minecraft:cobbled_deepslate":41,"minecraft:andesite":256,"minecraft:azure_bluet":1,"minecraft:cherry_hanging_sign":9,"minecraft:lantern":1,"minecraft:bamboo_sapling":8,"minecraft:bamboo":60,"minecraft:stone":302,"minecraft:cherry_fence_gate":15,"minecraft:cherry_stairs":108,"minecraft:white_wool":3,"minecraft:cherry_planks":116,"minecraft:blackstone":18,"minecraft:deepslate_tile_slab":30,"minecraft:dandelion":4,"minecraft:crafting_table":4,"minecraft:torch":28,"minecraft:short_grass":126,"minecraft:calcite":60,"minecraft:poppy":1,"minecraft:crimson_slab":22,"minecraft:rose_bush":1,"minecraft:tall_grass":18,"minecraft:crimson_stairs":32,"minecraft:pink_petals":20,"minecraft:chain":2,"minecraft:cherry_fence":40,"minecraft:cherry_wall_hanging_sign":7,"minecraft:cherry_door":23,"minecraft:stone_brick_stairs":22,"minecraft:oak_log":4,"minecraft:coal_ore":5,"minecraft:cherry_button":8,"minecraft:cherry_leaves":35,"minecraft:sand":20,"minecraft:dirt":40,"minecraft:crimson_planks":40,"minecraft:purple_shulker_box":4,"minecraft:blue_shulker_box":3,"minecraft:polished_andesite":48,"minecraft:stonecutter":2,"minecraft:stone_bricks":12,"minecraft:oak_leaves":5,"minecraft:fern":3},"minecraft:crafted":{"minecraft:cherry_planks":2172,"minecraft:smooth_stone":1,"minecraft:oak_planks":16,"minecraft:stone_brick_wall":35,"minecraft:iron_nugget":198,"minecraft:cherry_slab":132,"minecraft:chain":28,"minecraft:stone":156,"minecraft:pink_dye":2,"minecraft:cherry_trapdoor":190,"minecraft:lantern":17,"minecraft:ladder":21,"minecraft:cherry_stairs":264,"minecraft:deepslate_tile_wall":78,"minecraft:cherry_fence":159,"minecraft:cherry_fence_gate":96,"minecraft:diamond_axe":1,"minecraft:crafting_table":1,"minecraft:baked_potato":97,"minecraft:cherry_button":19,"minecraft:deepslate_tiles":6,"minecraft:air":0,"minecraft:oak_boat":2,"minecraft:stone_brick_stairs":5,"minecraft:stick":548,"minecraft:cherry_door":9,"minecraft:stonecutter":1,"minecraft:cherry_hanging_sign":48,"minecraft:torch":68,"minecraft:shears":1,"minecraft:deepslate_tile_slab":84,"minecraft:polished_andesite":4},"minecraft:dropped":{"minecraft:netherite_pickaxe":1,"minecraft:wheat_seeds":44,"minecraft:baked_potato":1,"minecraft:cobblestone":81,"minecraft:deepslate_tile_wall":4,"minecraft:deepslate_tile_slab":23,"minecraft:cherry_fence_gate":3,"minecraft:stick":2,"minecraft:end_rod":19,"minecraft:deepslate_tile_stairs":112,"minecraft:dirt":443,"minecraft:cherry_planks":31,"minecraft:smooth_stone":1,"minecraft:dandelion":15,"minecraft:moss_carpet":2,"minecraft:rotten_flesh":65,"minecraft:azure_bluet":1,"minecraft:leather_chestplate":1,"minecraft:deepslate_tiles":65,"minecraft:stone":134,"minecraft:diamond_pickaxe":1,"minecraft:bamboo":1926,"minecraft:arrow":1,"minecraft:stone_brick_stairs":26,"minecraft:cherry_fence":12},"minecraft:picked_up":{"minecraft:crafting_table":4,"minecraft:azure_bluet":1,"minecraft:diamond_sword":1,"minecraft:stone_brick_wall":10,"minecraft:chain":2,"minecraft:stripped_cherry_log":65,"minecraft:purple_shulker_box":5,"minecraft:stone_brick_stairs":22,"minecraft:crimson_planks":40,"minecraft:moss_carpet":2,"minecraft:string":2,"minecraft:blackstone":17,"minecraft:deepslate_tiles":221,"minecraft:diamond_leggings":1,"minecraft:cobbled_deepslate":41,"minecraft:smooth_stone":1,"minecraft:beef":5,"minecraft:oak_boat":6,"minecraft:calcite":426,"minecraft:deepslate_tile_wall":3,"minecraft:blue_shulker_box":3,"minecraft:cherry_button":8,"minecraft:cherry_trapdoor":127,"minecraft:phantom_membrane":12,"minecraft:stick":12,"minecraft:stone":313,"minecraft:cherry_stairs":104,"minecraft:torch":32,"minecraft:porkchop":8,"minecraft:cherry_log":342,"minecraft:deepslate_tile_stairs":104,"minecraft:netherite_pickaxe":3,"minecraft:cherry_fence_gate":15,"minecraft:arrow":15,"minecraft:rotten_flesh":84,"minecraft:red_shulker_box":3,"minecraft:diamond_chestplate":1,"minecraft:diamond_boots":1,"minecraft:totem_of_undying":1,"minecraft:end_rod":38,"minecraft:mangrove_roots":1,"minecraft:mutton":15,"minecraft:crimson_slab":31,"minecraft:white_wool":12,"minecraft:cobblestone":468,"minecraft:oxeye_daisy":3,"minecraft:pink_petals":134,"minecraft:leather_chestplate":1,"minecraft:cherry_planks":121,"minecraft:cherry_leaves":32,"minecraft:andesite":545,"minecraft:salmon":8,"minecraft:oak_log":4,"minecraft:cherry_fence":56,"minecraft:gunpowder":8,"minecraft:cherry_door":23,"minecraft:deepslate_tile_slab":33,"minecraft:dirt":565,"minecraft:lantern":1,"minecraft:bone":14,"minecraft:stone_bricks":26,"minecraft:stonecutter":2,"minecraft:bow":2,"minecraft:wheat_seeds":44,"minecraft:iron_ingot":31,"minecraft:netherite_axe":1,"minecraft:diamond_helmet":1,"minecraft:bamboo":1909,"minecraft:dandelion":15,"minecraft:crimson_stairs":30,"minecraft:sand":19,"minecraft:ink_sac":2,"minecraft:grass_block":20,"minecraft:spider_eye":1,"minecraft:polished_andesite":48,"minecraft:coal_ore":21,"minecraft:cherry_hanging_sign":15,"minecraft:bone_meal":123,"minecraft:cherry_sapling":68,"minecraft:gray_wool":3,"minecraft:baked_potato":1,"minecraft:coal":13,"minecraft:diamond_pickaxe":2},"minecraft:custom":{"minecraft:mob_kills":229,"minecraft:interact_with_crafting_table":108,"minecraft:open_shulker_box":145,"minecraft:leave_game":71,"minecraft:time_since_death":882024,"minecraft:climb_one_cm":80191,"minecraft:sprint_one_cm":491732,"minecraft:walk_one_cm":3451541,"minecraft:drop":91,"minecraft:play_time":936294,"minecraft:sneak_time":46794,"minecraft:deaths":4,"minecraft:walk_under_water_one_cm":44091,"minecraft:boat_one_cm":373146,"minecraft:jump":6845,"minecraft:walk_on_water_one_cm":48531,"minecraft:total_world_time":936294,"minecraft:interact_with_furnace":77,"minecraft:interact_with_loom":1,"minecraft:interact_with_grindstone":4,"minecraft:interact_with_stonecutter":102,"minecraft:sleep_in_bed":5,"minecraft:time_since_rest":693446,"minecraft:open_enderchest":1,"minecraft:damage_taken":4364,"minecraft:damage_dealt":11944,"minecraft:swim_one_cm":41511,"minecraft:fly_one_cm":823188,"minecraft:open_chest":366,"minecraft:crouch_one_cm":141791,"minecraft:fall_one_cm":147388,"minecraft:horse_one_cm":423},"minecraft:killed_by":{"minecraft:skeleton":2,"minecraft:zombie":2},"minecraft:killed":{"minecraft:spider":1,"minecraft:phantom":35,"minecraft:skeleton":55,"minecraft:chicken":2,"minecraft:pig":2,"minecraft:zombie_villager":1,"minecraft:creeper":50,"minecraft:squid":1,"minecraft:sheep":12,"minecraft:zombie":64,"minecraft:cow":4}},"DataVersion":3953}