{"stats":{"minecraft:crafted":{"minecraft:blaze_powder":26,"minecraft:lever":3,"minecraft:diamond_shovel":1,"minecraft:bookshelf":33,"minecraft:cooked_mutton":13,"minecraft:shulker_box":3,"minecraft:glass":7,"minecraft:diamond_helmet":2,"minecraft:repeater":27,"minecraft:diamond_leggings":1,"minecraft:netherite_boots":2,"minecraft:deepslate":32,"minecraft:emerald":62,"minecraft:diamond_axe":1,"minecraft:spruce_door":6,"minecraft:stone_brick_stairs":8,"minecraft:stone_slab":6,"minecraft:iron_pickaxe":2,"minecraft:iron_block":7,"minecraft:gold_ingot":134,"minecraft:netherite_ingot":4,"minecraft:stone_shovel":1,"minecraft:jukebox":2,"minecraft:wind_charge":4,"minecraft:blue_shulker_box":1,"minecraft:bone_meal":192,"minecraft:netherite_axe":1,"minecraft:spruce_stairs":44,"minecraft:tuff_slab":2526,"minecraft:ladder":6,"minecraft:spruce_slab":12,"minecraft:red_shulker_box":1,"minecraft:stone_pickaxe":1,"minecraft:diamond_boots":1,"minecraft:spruce_boat":1,"minecraft:dark_oak_planks":256,"minecraft:wheat":126,"minecraft:netherite_pickaxe":1,"minecraft:enchanting_table":1,"minecraft:enchanted_book":20,"minecraft:oak_stairs":4,"minecraft:iron_leggings":2,"minecraft:white_bed":2,"minecraft:grindstone":1,"minecraft:oak_planks":672,"minecraft:cobblestone_slab":6,"minecraft:cobblestone_stairs":4,"minecraft:stone":72,"minecraft:spruce_pressure_plate":1,"minecraft:dark_oak_door":18,"minecraft:hopper":3,"minecraft:stone_brick_slab":18,"minecraft:bow":4,"minecraft:iron_boots":3,"minecraft:comparator":6,"minecraft:chest":35,"minecraft:netherite_helmet":1,"minecraft:ender_eye":26,"minecraft:stone_bricks":112,"minecraft:white_banner":1,"minecraft:arrow":80,"minecraft:crafting_table":53,"minecraft:spruce_planks":1120,"minecraft:iron_helmet":3,"minecraft:wooden_pickaxe":1,"minecraft:baked_potato":256,"minecraft:dispenser":13,"minecraft:tnt":53,"minecraft:spruce_trapdoor":2,"minecraft:dark_oak_slab":6,"minecraft:book":49,"minecraft:iron_chestplate":3,"minecraft:paper":330,"minecraft:diamond_pickaxe":4,"minecraft:yellow_dye":3,"minecraft:shield":4,"minecraft:stick":1891,"minecraft:iron_ingot":159,"minecraft:stone_sword":8,"minecraft:redstone_torch":78,"minecraft:shears":1,"minecraft:netherite_sword":1,"minecraft:stone_button":2,"minecraft:furnace":2,"minecraft:oak_trapdoor":4,"minecraft:flint_and_steel":2,"minecraft:scaffolding":360,"minecraft:netherite_chestplate":1,"minecraft:netherite_leggings":1,"minecraft:yellow_shulker_box":1,"minecraft:iron_hoe":1,"minecraft:netherite_scrap":18,"minecraft:observer":12,"minecraft:cooked_beef":64,"minecraft:red_dye":1,"minecraft:diamond_sword":2,"minecraft:spruce_sign":3,"minecraft:dark_oak_stairs":40,"minecraft:iron_sword":4,"minecraft:bucket":5,"minecraft:stone_axe":1,"minecraft:air":0,"minecraft:blue_dye":2,"minecraft:oak_boat":2,"minecraft:white_wool":5,"minecraft:anvil":2,"minecraft:torch":88,"minecraft:firework_rocket":447},"minecraft:picked_up":{"minecraft:iron_chestplate":3,"minecraft:chainmail_boots":1,"minecraft:lead":2,"minecraft:oak_stairs":1,"minecraft:enchanted_book":1,"minecraft:brewing_stand":1,"minecraft:string":306,"minecraft:dark_oak_pressure_plate":12,"minecraft:dark_oak_trapdoor":215,"minecraft:soul_soil":27,"minecraft:gold_nugget":43,"minecraft:cobbled_deepslate":709,"minecraft:spruce_planks":756,"minecraft:acacia_fence_gate":50,"minecraft:trial_key":19,"minecraft:enchanted_golden_apple":1,"minecraft:melon_slice":48,"minecraft:dark_oak_door":17,"minecraft:golden_helmet":1,"minecraft:spruce_pressure_plate":2,"minecraft:polished_blackstone_brick_slab":1,"minecraft:jukebox":5,"minecraft:big_dripleaf":3,"minecraft:green_bed":6,"minecraft:cherry_log":406,"minecraft:golden_chestplate":1,"minecraft:stone_sword":1,"minecraft:iron_block":166,"minecraft:glowstone":6,"minecraft:netherite_chestplate":1,"minecraft:blaze_rod":31,"minecraft:magma_block":16,"minecraft:cooked_beef":43,"minecraft:feather":8,"minecraft:iron_door":1,"minecraft:water_bucket":1,"minecraft:brown_wool":1,"minecraft:flint":26,"minecraft:lantern":7,"minecraft:moss_block":1,"minecraft:warped_wart_block":1,"minecraft:stripped_spruce_log":493,"minecraft:ink_sac":3,"minecraft:acacia_stairs":64,"minecraft:polished_andesite":16,"minecraft:dispenser":2,"minecraft:deepslate":141,"minecraft:lever":1,"minecraft:deepslate_gold_ore":5,"minecraft:dead_brain_coral_block":1,"minecraft:granite":26,"minecraft:bread":8,"minecraft:dark_oak_fence":577,"minecraft:ominous_trial_key":6,"minecraft:crimson_roots":1,"minecraft:diamond_pickaxe":2,"minecraft:crafting_table":11,"minecraft:ominous_bottle":6,"minecraft:clay_ball":4,"minecraft:music_disc_creator":8,"minecraft:stripped_cherry_log":2,"minecraft:purpur_block":1,"minecraft:wind_charge":26,"minecraft:cornflower":2,"minecraft:jungle_trapdoor":69,"minecraft:flow_banner_pattern":2,"minecraft:elytra":1,"minecraft:glass_pane":4,"minecraft:cracked_stone_bricks":1,"minecraft:deepslate_diamond_ore":23,"minecraft:beef":83,"minecraft:poppy":2,"minecraft:chest":14,"minecraft:waxed_oxidized_copper":2,"minecraft:diamond_hoe":4,"minecraft:egg":3,"minecraft:copper_ore":1,"minecraft:stone":1387,"minecraft:music_disc_mellohi":1,"minecraft:carrot":8,"minecraft:music_disc_creator_music_box":2,"minecraft:redstone":204,"minecraft:netherite_pickaxe":2,"minecraft:tnt":430,"minecraft:diamond_chestplate":2,"minecraft:decorated_pot":1,"minecraft:deepslate_bricks":6,"minecraft:waxed_oxidized_cut_copper_stairs":1,"minecraft:hay_block":14,"minecraft:flow_armor_trim_smithing_template":1,"minecraft:tuff_bricks":8,"minecraft:mutton":43,"minecraft:white_wool":25,"minecraft:lapis_ore":8,"minecraft:yellow_shulker_box":4,"minecraft:jungle_fence":8,"minecraft:ochre_froglight":2,"minecraft:oak_log":168,"minecraft:ancient_debris":17,"minecraft:white_banner":1,"minecraft:apple":1,"minecraft:stone_bricks":30,"minecraft:kelp":5,"minecraft:iron_ore":5,"minecraft:glass_bottle":3,"minecraft:dark_oak_stairs":416,"minecraft:smooth_basalt":17,"minecraft:dark_oak_slab":66,"minecraft:sweet_berries":3,"minecraft:gravel":153,"minecraft:dead_fire_coral_block":1,"minecraft:spruce_sapling":19,"minecraft:spruce_log":952,"minecraft:polished_tuff":1,"minecraft:dragon_egg":1,"minecraft:coal_ore":68,"minecraft:stone_axe":1,"minecraft:warped_roots":15,"minecraft:baked_potato":13,"minecraft:warped_nylium":3,"minecraft:stripped_dark_oak_log":188,"minecraft:crimson_nylium":5,"minecraft:ender_pearl":46,"minecraft:shulker_shell":6,"minecraft:music_disc_strad":1,"minecraft:wheat":21,"minecraft:potion":8,"minecraft:dead_tube_coral_block":1,"minecraft:raw_copper":32,"minecraft:iron_leggings":2,"minecraft:red_candle":10,"minecraft:netherite_ingot":7,"minecraft:oak_sign":6,"minecraft:comparator":3,"minecraft:cobblestone_slab":1,"minecraft:ender_eye":11,"minecraft:deepslate_iron_ore":23,"minecraft:iron_boots":8,"minecraft:furnace":6,"minecraft:tipped_arrow":92,"minecraft:stick":50,"minecraft:acacia_fence":4,"minecraft:deepslate_brick_wall":18,"minecraft:torch":28,"minecraft:spruce_stairs":132,"minecraft:porkchop":9,"minecraft:pointed_dripstone":1,"minecraft:diorite":50,"minecraft:rotten_flesh":145,"minecraft:deepslate_brick_stairs":50,"minecraft:obsidian":5,"minecraft:cobblestone":769,"minecraft:pink_petals":5,"minecraft:andesite":86,"minecraft:golden_leggings":1,"minecraft:beacon":1,"minecraft:potato":586,"minecraft:tuff":2794,"minecraft:lapis_lazuli":318,"minecraft:dirt":1029,"minecraft:leather_boots":1,"minecraft:bone":245,"minecraft:bow":11,"minecraft:wheat_seeds":156,"minecraft:deepslate_brick_slab":20,"minecraft:raw_gold":41,"minecraft:grindstone":8,"minecraft:bolt_armor_trim_smithing_template":1,"minecraft:mossy_stone_bricks":8,"minecraft:bamboo":1199,"minecraft:oak_planks":49,"minecraft:ghast_tear":2,"minecraft:cooked_porkchop":18,"minecraft:poisonous_potato":5,"minecraft:sand":470,"minecraft:grass_block":4,"minecraft:shulker_box":2,"minecraft:sugar":6,"minecraft:diamond":172,"minecraft:spruce_boat":18,"minecraft:waxed_oxidized_copper_grate":12,"minecraft:crossbow":6,"minecraft:breeze_rod":21,"minecraft:golden_apple":2,"minecraft:spruce_sign":157,"minecraft:emerald":346,"minecraft:oak_sapling":4,"minecraft:netherrack":3725,"minecraft:oak_leaves":4,"minecraft:chicken":6,"minecraft:brown_mushroom":1,"minecraft:gold_block":2,"minecraft:brick":35,"minecraft:shield":16,"minecraft:oak_trapdoor":22,"minecraft:moss_carpet":2,"minecraft:blackstone":74,"minecraft:oak_boat":3,"minecraft:light_gray_wool":2,"minecraft:lectern":7,"minecraft:blue_shulker_box":3,"minecraft:sugar_cane":403,"minecraft:spruce_trapdoor":12,"minecraft:phantom_membrane":17,"minecraft:raw_iron":124,"minecraft:end_stone":71,"minecraft:polished_blackstone_bricks":2,"minecraft:music_disc_11":1,"minecraft:trident":1,"minecraft:iron_horse_armor":1,"minecraft:arrow":226,"minecraft:red_shulker_box":6,"minecraft:jungle_stairs":142,"minecraft:nether_bricks":12,"minecraft:basalt":115,"minecraft:golden_carrot":2,"minecraft:glow_ink_sac":4,"minecraft:salmon":17,"minecraft:cut_sandstone":1,"minecraft:leather":64,"minecraft:waxed_copper_block":5,"minecraft:yellow_bed":1,"minecraft:gunpowder":62,"minecraft:cooked_mutton":2,"minecraft:acacia_trapdoor":135,"minecraft:fire_coral_block":2,"minecraft:iron_ingot":28,"minecraft:cooked_chicken":6,"minecraft:soul_sand":2,"minecraft:music_disc_chirp":1,"minecraft:book":57,"minecraft:scaffolding":83,"minecraft:emerald_block":1,"minecraft:quartz":400,"minecraft:dandelion":3,"minecraft:raw_iron_block":2,"minecraft:tuff_slab":292,"minecraft:blast_furnace":1,"minecraft:white_bed":13,"minecraft:gold_ore":2,"minecraft:dark_oak_fence_gate":94,"minecraft:spider_eye":76,"minecraft:iron_helmet":2,"minecraft:cherry_sapling":42,"minecraft:netherite_hoe":1,"minecraft:coal":299,"minecraft:sunflower":1},"minecraft:custom":{"minecraft:interact_with_crafting_table":144,"minecraft:open_barrel":26,"minecraft:leave_game":21,"minecraft:time_since_death":7337,"minecraft:damage_blocked_by_shield":7354,"minecraft:play_time":1589455,"minecraft:deaths":103,"minecraft:jump":24304,"minecraft:enchant_item":62,"minecraft:interact_with_furnace":201,"minecraft:play_record":13,"minecraft:traded_with_villager":96,"minecraft:sleep_in_bed":30,"minecraft:damage_dealt":110069,"minecraft:inspect_dispenser":14,"minecraft:horse_one_cm":3790,"minecraft:interact_with_smithing_table":8,"minecraft:interact_with_anvil":29,"minecraft:inspect_hopper":33,"minecraft:sneak_time":190047,"minecraft:interact_with_blast_furnace":9,"minecraft:total_world_time":1589455,"minecraft:time_since_rest":7375,"minecraft:swim_one_cm":399319,"minecraft:fly_one_cm":5589298,"minecraft:open_chest":1125,"minecraft:fall_one_cm":1000307,"minecraft:animals_bred":10,"minecraft:open_shulker_box":25,"minecraft:sprint_one_cm":4041634,"minecraft:drop":502,"minecraft:talked_to_villager":77,"minecraft:walk_on_water_one_cm":266140,"minecraft:interact_with_loom":8,"minecraft:interact_with_beacon":9,"minecraft:player_kills":3,"minecraft:crouch_one_cm":688353,"minecraft:mob_kills":1102,"minecraft:climb_one_cm":167554,"minecraft:walk_one_cm":2750167,"minecraft:walk_under_water_one_cm":326879,"minecraft:boat_one_cm":159275,"minecraft:interact_with_grindstone":16,"minecraft:damage_taken":61408,"minecraft:damage_absorbed":242,"minecraft:aviate_one_cm":5460851},"minecraft:broken":{"minecraft:iron_boots":3,"minecraft:iron_chestplate":3,"minecraft:iron_leggings":1,"minecraft:chainmail_boots":1,"minecraft:iron_sword":3,"minecraft:bow":1,"minecraft:stone_sword":2,"minecraft:shield":3,"minecraft:iron_axe":1,"minecraft:iron_pickaxe":1,"minecraft:iron_helmet":3,"minecraft:golden_leggings":1,"minecraft:flint_and_steel":1},"minecraft:mined":{"minecraft:red_shulker_box":6,"minecraft:white_bed":13,"minecraft:cherry_log":447,"minecraft:obsidian":4,"minecraft:granite":57,"minecraft:chiseled_polished_blackstone":1,"minecraft:deepslate_bricks":6,"minecraft:chiseled_tuff_bricks":4,"minecraft:tube_coral_block":1,"minecraft:oak_wall_sign":1,"minecraft:spawner":8,"minecraft:polished_blackstone_bricks":11,"minecraft:tall_seagrass":3,"minecraft:magma_block":16,"minecraft:dark_oak_trapdoor":42,"minecraft:cobbled_deepslate":14,"minecraft:fire":79,"minecraft:deepslate_lapis_ore":12,"minecraft:cave_vines":2,"minecraft:dirt_path":8,"minecraft:oak_stairs":1,"minecraft:spruce_pressure_plate":2,"minecraft:deepslate_brick_stairs":55,"minecraft:iron_block":164,"minecraft:jungle_trapdoor":5,"minecraft:cut_sandstone":1,"minecraft:kelp_plant":4,"minecraft:deepslate_brick_wall":19,"minecraft:crimson_nylium":5,"minecraft:soul_fire":3,"minecraft:torch":16,"minecraft:blast_furnace":1,"minecraft:melon":8,"minecraft:dead_bush":3,"minecraft:spruce_wall_sign":13,"minecraft:sugar_cane":230,"minecraft:amethyst_block":14,"minecraft:wheat":25,"minecraft:magenta_bed":1,"minecraft:jukebox":5,"minecraft:waxed_copper_block":18,"minecraft:smooth_basalt":17,"minecraft:blue_shulker_box":3,"minecraft:deepslate":1252,"minecraft:shulker_box":2,"minecraft:end_stone":68,"minecraft:nether_bricks":12,"minecraft:dark_oak_fence":64,"minecraft:redstone_wire":1,"minecraft:moss_block":1,"minecraft:redstone_ore":2,"minecraft:waxed_oxidized_cut_copper":1,"minecraft:acacia_trapdoor":1,"minecraft:waxed_copper_grate":2,"minecraft:andesite":99,"minecraft:big_dripleaf_stem":1,"minecraft:potatoes":168,"minecraft:cobblestone_slab":1,"minecraft:bamboo_sapling":7,"minecraft:bamboo":126,"minecraft:fire_coral_block":2,"minecraft:white_wool":1,"minecraft:glass_pane":5,"minecraft:comparator":3,"minecraft:soul_sand":4,"minecraft:stone_brick_slab":1,"minecraft:dandelion":3,"minecraft:cornflower":2,"minecraft:tuff_slab":57,"minecraft:short_grass":485,"minecraft:warped_roots":7,"minecraft:tall_grass":45,"minecraft:copper_ore":13,"minecraft:deepslate_gold_ore":46,"minecraft:diorite":50,"minecraft:warped_wart_block":1,"minecraft:spruce_log":420,"minecraft:birch_leaves":3,"minecraft:sunflower":1,"minecraft:gravel":121,"minecraft:dripstone_block":1,"minecraft:cobweb":42,"minecraft:stone_bricks":45,"minecraft:gold_ore":3,"minecraft:fern":2,"minecraft:waxed_cut_copper_slab":1,"minecraft:spruce_planks":75,"minecraft:brewing_stand":1,"minecraft:spruce_trapdoor":4,"minecraft:budding_amethyst":1,"minecraft:grass_block":386,"minecraft:cracked_polished_blackstone_bricks":1,"minecraft:soul_soil":26,"minecraft:polished_blackstone_brick_slab":1,"minecraft:tuff_bricks":51,"minecraft:raw_iron_block":2,"minecraft:glowstone":6,"minecraft:iron_ore":77,"minecraft:polished_tuff":1,"minecraft:dark_oak_stairs":39,"minecraft:iron_bars":2,"minecraft:brain_coral_block":1,"minecraft:green_bed":6,"minecraft:deepslate_redstone_ore":3,"minecraft:blackstone":86,"minecraft:clay":2,"minecraft:jungle_stairs":15,"minecraft:calcite":31,"minecraft:poppy":2,"minecraft:beacon":1,"minecraft:chest":11,"minecraft:nether_quartz_ore":268,"minecraft:cobblestone":26,"minecraft:grindstone":8,"minecraft:oak_planks":43,"minecraft:waxed_chiseled_copper":1,"minecraft:iron_door":22,"minecraft:wall_torch":6,"minecraft:deepslate_copper_ore":1,"minecraft:pink_petals":3,"minecraft:seagrass":4,"minecraft:warped_nylium":15,"minecraft:red_candle":5,"minecraft:dark_oak_door":1,"minecraft:waxed_oxidized_cut_copper_stairs":1,"minecraft:tnt":22,"minecraft:purpur_block":1,"minecraft:smooth_stone_slab":3,"minecraft:oak_log":104,"minecraft:waxed_oxidized_copper":2,"minecraft:acacia_fence":8,"minecraft:sand":441,"minecraft:dirt":465,"minecraft:dispenser":2,"minecraft:netherrack":6779,"minecraft:ancient_debris":17,"minecraft:oak_leaves":31,"minecraft:nether_gold_ore":26,"minecraft:tuff":2298,"minecraft:deepslate_diamond_ore":146,"minecraft:stripped_cherry_log":2,"minecraft:lever":1,"minecraft:decorated_pot":46,"minecraft:hay_block":15,"minecraft:deepslate_brick_slab":14,"minecraft:oak_trapdoor":23,"minecraft:furnace":6,"minecraft:nether_sprouts":1,"minecraft:dark_oak_fence_gate":16,"minecraft:stripped_spruce_log":17,"minecraft:gold_block":3,"minecraft:bookshelf":23,"minecraft:deepslate_iron_ore":56,"minecraft:lantern":4,"minecraft:stone":1560,"minecraft:yellow_shulker_box":4,"minecraft:podzol":3,"minecraft:scaffolding":7,"minecraft:infested_stone_bricks":2,"minecraft:stripped_dark_oak_log":1,"minecraft:basalt":123,"minecraft:crafting_table":9,"minecraft:lectern":6,"minecraft:lapis_ore":33,"minecraft:spruce_stairs":23,"minecraft:acacia_fence_gate":2,"minecraft:waxed_oxidized_copper_grate":6,"minecraft:yellow_bed":1,"minecraft:coal_ore":233,"minecraft:ochre_froglight":1,"minecraft:cherry_leaves":90,"minecraft:cracked_stone_bricks":10,"minecraft:polished_andesite":16,"minecraft:mossy_stone_bricks":20},"minecraft:killed":{"minecraft:cave_spider":4,"minecraft:shulker":9,"minecraft:skeleton":150,"minecraft:chicken":7,"minecraft:magma_cube":13,"minecraft:salmon":10,"minecraft:ender_dragon":1,"minecraft:pillager":7,"minecraft:zombie":229,"minecraft:cow":51,"minecraft:horse":4,"minecraft:breeze":17,"minecraft:enderman":22,"minecraft:witch":3,"minecraft:spider":162,"minecraft:silverfish":15,"minecraft:piglin_brute":2,"minecraft:piglin":12,"minecraft:pig":8,"minecraft:zombie_villager":3,"minecraft:creeper":131,"minecraft:sheep":21,"minecraft:trader_llama":2,"minecraft:stray":95,"minecraft:ghast":4,"minecraft:blaze":17,"minecraft:armadillo":1,"minecraft:bogged":1,"minecraft:slime":1,"minecraft:phantom":23,"minecraft:drowned":6,"minecraft:hoglin":4,"minecraft:squid":1,"minecraft:wither_skeleton":13},"minecraft:used":{"minecraft:moss_block":1,"minecraft:tuff_bricks":3,"minecraft:dispenser":5,"minecraft:elytra":1,"minecraft:ladder":4,"minecraft:chest":35,"minecraft:stone":485,"minecraft:soul_sand":2,"minecraft:deepslate_brick_slab":160,"minecraft:stripped_spruce_log":80,"minecraft:spruce_boat":18,"minecraft:lava_bucket":2,"minecraft:netherite_shovel":891,"minecraft:grass_block":91,"minecraft:netherite_hoe":66,"minecraft:dark_oak_slab":1,"minecraft:netherite_boots":2,"minecraft:bow":815,"minecraft:sweet_berries":24,"minecraft:ominous_bottle":4,"minecraft:oak_sapling":1,"minecraft:furnace":6,"minecraft:acacia_fence":115,"minecraft:egg":3,"minecraft:potato":247,"minecraft:deepslate_brick_wall":314,"minecraft:mossy_stone_bricks":8,"minecraft:diorite":27,"minecraft:acacia_trapdoor":1,"minecraft:wooden_pickaxe":15,"minecraft:oak_leaves":25,"minecraft:golden_apple":6,"minecraft:dark_oak_trapdoor":98,"minecraft:blast_furnace":1,"minecraft:deepslate_brick_stairs":457,"minecraft:stone_button":2,"minecraft:lectern":6,"minecraft:diamond_sword":63,"minecraft:dark_oak_fence":668,"minecraft:oak_boat":4,"minecraft:oak_trapdoor":94,"minecraft:enchanting_table":1,"minecraft:stone_sword":225,"minecraft:cooked_salmon":1,"minecraft:trial_key":7,"minecraft:netherrack":890,"minecraft:torch":138,"minecraft:dragon_egg":1,"minecraft:anvil":2,"minecraft:jungle_trapdoor":57,"minecraft:dead_brain_coral_block":1,"minecraft:red_shulker_box":6,"minecraft:iron_axe":188,"minecraft:bamboo":226,"minecraft:smooth_basalt":2,"minecraft:diamond_chestplate":24,"minecraft:basalt":73,"minecraft:glowstone":98,"minecraft:beef":7,"minecraft:cherry_log":62,"minecraft:cobbled_deepslate":460,"minecraft:observer":1,"minecraft:wheat_seeds":82,"minecraft:water_bucket":264,"minecraft:yellow_shulker_box":4,"minecraft:deepslate_bricks":77,"minecraft:cracked_stone_bricks":1,"minecraft:comparator":3,"minecraft:tnt":553,"minecraft:crafting_table":17,"minecraft:white_bed":14,"minecraft:dark_oak_fence_gate":60,"minecraft:spruce_log":2150,"minecraft:ender_eye":37,"minecraft:diamond_pickaxe":7558,"minecraft:ominous_trial_key":6,"minecraft:diamond_shovel":485,"minecraft:wind_charge":32,"minecraft:iron_pickaxe":510,"minecraft:spruce_pressure_plate":2,"minecraft:spruce_trapdoor":5,"minecraft:spruce_sapling":19,"minecraft:crimson_nylium":5,"minecraft:cobblestone":241,"minecraft:potion":4,"minecraft:porkchop":1,"minecraft:cooked_porkchop":12,"minecraft:glass_pane":73,"minecraft:jukebox":7,"minecraft:tuff_slab":1303,"minecraft:cherry_sapling":4,"minecraft:moss_carpet":1,"minecraft:oak_sign":1,"minecraft:shield":145,"minecraft:iron_sword":961,"minecraft:iron_chestplate":24,"minecraft:carrot":67,"minecraft:glass":7,"minecraft:coal_ore":63,"minecraft:lantern":138,"minecraft:stone_bricks":73,"minecraft:deepslate_diamond_ore":21,"minecraft:scaffolding":83,"minecraft:blue_shulker_box":3,"minecraft:gold_block":1,"minecraft:golden_boots":1,"minecraft:dark_oak_stairs":310,"minecraft:stone_pickaxe":95,"minecraft:jungle_fence":6,"minecraft:oak_planks":86,"minecraft:ender_pearl":22,"minecraft:sugar_cane":42,"minecraft:diamond_axe":340,"minecraft:white_wool":1,"minecraft:crossbow":46,"minecraft:ochre_froglight":1,"minecraft:end_stone":71,"minecraft:lever":3,"minecraft:firework_rocket":331,"minecraft:melon_slice":38,"minecraft:bread":1,"minecraft:deepslate":36,"minecraft:iron_door":1,"minecraft:gravel":2,"minecraft:grindstone":21,"minecraft:andesite":16,"minecraft:stripped_cherry_log":1,"minecraft:bone_meal":192,"minecraft:experience_bottle":1,"minecraft:trident":476,"minecraft:netherite_sword":704,"minecraft:flint_and_steel":112,"minecraft:stone_shovel":28,"minecraft:redstone":2,"minecraft:spruce_planks":1471,"minecraft:cooked_chicken":6,"minecraft:dirt":149,"minecraft:hopper":3,"minecraft:spruce_stairs":193,"minecraft:shulker_box":2,"minecraft:granite":1,"minecraft:iron_hoe":229,"minecraft:dark_oak_planks":1,"minecraft:bookshelf":33,"minecraft:oak_stairs":2,"minecraft:red_candle":10,"minecraft:soul_soil":27,"minecraft:netherite_pickaxe":5982,"minecraft:cooked_beef":238,"minecraft:cooked_mutton":15,"minecraft:polished_andesite":16,"minecraft:baked_potato":276,"minecraft:spruce_sign":158,"minecraft:green_bed":6,"minecraft:cobblestone_slab":7,"minecraft:waxed_copper_block":2,"minecraft:stripped_dark_oak_log":1,"minecraft:dark_oak_door":9,"minecraft:apple":9,"minecraft:netherite_axe":1221,"minecraft:lapis_ore":8,"minecraft:jungle_stairs":79,"minecraft:acacia_fence_gate":50,"minecraft:stone_axe":40,"minecraft:fire_coral_block":2,"minecraft:bucket":271},"minecraft:dropped":{"minecraft:porkchop":6,"minecraft:glass_bottle":5,"minecraft:diamond":2,"minecraft:crafting_table":15,"minecraft:cooked_porkchop":2,"minecraft:crossbow":4,"minecraft:dark_oak_slab":64,"minecraft:warped_roots":15,"minecraft:saddle":1,"minecraft:music_disc_creator_music_box":1,"minecraft:dirt":754,"minecraft:dark_oak_fence":29,"minecraft:sunflower":1,"minecraft:phantom_membrane":3,"minecraft:sand":41,"minecraft:sugar":6,"minecraft:dark_oak_planks":3,"minecraft:white_wool":1,"minecraft:bone":75,"minecraft:tuff_slab":1408,"minecraft:dark_oak_door":144,"minecraft:stone_axe":2,"minecraft:sugar_cane":28,"minecraft:lever":1,"minecraft:golden_chestplate":1,"minecraft:cobbled_deepslate":153,"minecraft:stripped_dark_oak_log":448,"minecraft:rotten_flesh":116,"minecraft:oak_planks":17,"minecraft:dead_fire_coral_block":1,"minecraft:waxed_copper_block":3,"minecraft:salmon":16,"minecraft:tipped_arrow":10,"minecraft:coal_ore":3,"minecraft:leather_boots":1,"minecraft:beef":10,"minecraft:warped_wart_block":1,"minecraft:ghast_tear":1,"minecraft:acacia_fence":1,"minecraft:enchanted_book":9,"minecraft:netherite_pickaxe":2,"minecraft:wheat_seeds":55,"minecraft:iron_helmet":1,"minecraft:feather":9,"minecraft:cobblestone":362,"minecraft:prismarine_crystals":2,"minecraft:book":1,"minecraft:granite":13,"minecraft:coal":8,"minecraft:ink_sac":3,"minecraft:potion":1,"minecraft:heart_of_the_sea":1,"minecraft:string":49,"minecraft:furnace":2,"minecraft:moss_carpet":1,"minecraft:netherite_hoe":1,"minecraft:netherite_ingot":1,"minecraft:polished_diorite_slab":64,"minecraft:stone_sword":2,"minecraft:deepslate":60,"minecraft:diamond_hoe":2,"minecraft:chicken":6,"minecraft:iron_boots":7,"minecraft:nether_bricks":12,"minecraft:diamond_sword":1,"minecraft:big_dripleaf":3,"minecraft:potato":2,"minecraft:stone":460,"minecraft:spruce_planks":105,"minecraft:diamond_pickaxe":3,"minecraft:redstone_torch":5,"minecraft:spider_eye":51,"minecraft:stone_bricks":44,"minecraft:bamboo":124,"minecraft:bow":9,"minecraft:magma_block":16,"minecraft:gold_ore":2,"minecraft:spruce_sign":2,"minecraft:brown_mushroom":1,"minecraft:netherite_upgrade_smithing_template":1,"minecraft:leather":7,"minecraft:iron_horse_armor":2,"minecraft:flint":20,"minecraft:deepslate_gold_ore":5,"minecraft:dispenser":10,"minecraft:mutton":4,"minecraft:gold_ingot":7,"minecraft:gravel":88,"minecraft:purpur_block":1,"minecraft:blackstone":10,"minecraft:pointed_dripstone":1,"minecraft:cherry_sapling":12,"minecraft:carrot":4,"minecraft:gunpowder":3,"minecraft:ochre_froglight":1,"minecraft:chest":56,"minecraft:arrow":26,"minecraft:basalt":41,"minecraft:scaffolding":363,"minecraft:quartz":336,"minecraft:netherrack":2198,"minecraft:bread":7,"minecraft:stripped_spruce_log":320,"minecraft:golden_helmet":1,"minecraft:cherry_log":1,"minecraft:poisonous_potato":5,"minecraft:observer":11,"minecraft:grass_block":1,"minecraft:stick":28,"minecraft:diorite":8,"minecraft:torch":12,"minecraft:repeater":27,"minecraft:iron_leggings":2,"minecraft:pink_petals":5,"minecraft:bucket":1,"minecraft:smooth_basalt":15,"minecraft:redstone":60,"minecraft:kelp":5,"minecraft:tuff_bricks":1,"minecraft:warped_nylium":3,"minecraft:raw_copper":32,"minecraft:tuff":1406,"minecraft:light_gray_wool":2,"minecraft:iron_hoe":1,"minecraft:comparator":6,"minecraft:flint_and_steel":1,"minecraft:copper_ore":1,"minecraft:filled_map":1,"minecraft:trial_key":3,"minecraft:diamond_chestplate":1,"minecraft:iron_chestplate":2,"minecraft:andesite":16,"minecraft:golden_leggings":1,"minecraft:oak_sapling":3,"minecraft:stripped_cherry_log":1,"minecraft:spruce_log":60,"minecraft:stone_pickaxe":1,"minecraft:wooden_pickaxe":1,"minecraft:waxed_oxidized_copper_grate":9,"minecraft:brick":35},"minecraft:killed_by":{"minecraft:piglin_brute":1,"minecraft:zombie":10,"minecraft:stray":35,"minecraft:ender_dragon":3,"minecraft:creeper":3,"minecraft:drowned":1,"minecraft:cave_spider":1,"minecraft:player":8,"minecraft:spider":5,"minecraft:enderman":5,"minecraft:skeleton":11}},"DataVersion":3953}