{"stats":{"minecraft:killed_by":{"minecraft:skeleton":8},"minecraft:broken":{"lumberjack:iron_lumberaxe":1},"minecraft:used":{"minecraft:stone_pickaxe":4,"minecraft:spruce_planks":100,"minecraft:iron_sword":73,"minecraft:dirt":2,"minecraft:crafting_table":1,"minecraft:crossbow":1,"minecraft:pink_terracotta":2,"decorative_blocks:spruce_palisade":6,"minecraft:obsidian":3,"shieldexp:iron_shield":2,"minecraft:gray_terracotta":3,"minecraft:dark_oak_planks":18,"minecraft:diamond_pickaxe":42,"minecraft:apple":6,"minecraft:iron_axe":26,"minecraft:bread":3,"minecraft:smooth_sandstone":2,"minecraft:bow":48,"minecraft:azalea_leaves":3,"minecraft:sweet_berries":1,"lumberjack:iron_lumberaxe":375,"minecraft:cooked_beef":12,"minecraft:coarse_dirt":3},"minecraft:dropped":{"minecraft:iron_sword":1,"minecraft:feather":3,"minecraft:iron_helmet":3,"minecraft:book":32,"minecraft:iron_boots":1,"shieldexp:iron_shield":1,"philipsruins:bone_chunk":1,"minecraft:spruce_planks":2,"minecraft:iron_chestplate":1,"minecraft:oak_sapling":6,"minecraft:spruce_wood":6,"minecraft:ladder":19,"minecraft:iron_leggings":2,"minecraft:bow":1,"minecraft:blue_orchid":3,"minecraft:stone_pickaxe":2,"minecraft:string":3,"minecraft:bone":15,"minecraft:spruce_sapling":2},"minecraft:mined":{"minecraft:gray_terracotta":3,"minecraft:spruce_planks":178,"minecraft:infested_stone_bricks":1,"minecraft:black_terracotta":5,"minecraft:smooth_sandstone":2,"minecraft:crafting_table":1,"minecraft:tall_grass":1,"minecraft:spruce_leaves":2,"minecraft:spawner":25,"minecraft:coarse_dirt":3,"minecraft:spruce_log":27,"minecraft:stripped_dark_oak_wood":8,"minecraft:dark_oak_stairs":1,"minecraft:grass":10,"minecraft:bookshelf":194,"minecraft:spruce_wood":1,"gnumus:fragile_gnumus_jug":2,"minecraft:pink_terracotta":4,"minecraft:infested_stone":1},"minecraft:custom":{"minecraft:mob_kills":29,"minecraft:interact_with_crafting_table":3,"minecraft:time_since_death":14678,"minecraft:time_since_rest":14704,"minecraft:sprint_one_cm":178473,"minecraft:damage_taken":3468,"minecraft:walk_one_cm":65118,"minecraft:damage_blocked_by_shield":220,"minecraft:drop":27,"minecraft:damage_dealt":2661,"minecraft:swim_one_cm":358,"minecraft:fly_one_cm":343135,"minecraft:open_chest":55,"minecraft:crouch_one_cm":9111,"minecraft:play_time":41816,"minecraft:deaths":8,"minecraft:sneak_time":3308,"minecraft:walk_under_water_one_cm":49,"minecraft:jump":1403,"minecraft:walk_on_water_one_cm":2048,"minecraft:total_world_time":41816,"minecraft:fall_one_cm":36398},"minecraft:killed":{"minecraft:spider":1,"hmag:skeleton_girl":1,"minecraft:creeper":1,"minecraft:skeleton":21,"minecraft:zombie":1,"minecraft:wither_skeleton":1,"minecraft:cow":1},"minecraft:crafted":{"minecraft:crafting_table":1,"minecraft:spruce_planks":52,"minecraft:iron_sword":1,"shieldexp:iron_shield":2,"decorative_blocks:spruce_palisade":6,"minecraft:iron_boots":1,"minecraft:diamond_pickaxe":1,"minecraft:iron_axe":1,"lumberjack:iron_lumberaxe":1,"minecraft:stick":8,"minecraft:iron_leggings":1,"minecraft:dark_oak_planks":24},"minecraft:picked_up":{"minecraft:coarse_dirt":3,"minecraft:crafting_table":1,"minecraft:ladder":19,"philipsruins:bone_chunk":1,"minecraft:leather":4,"minecraft:gunpowder":1,"minecraft:dirt":2,"minecraft:string":2,"gnumus:gnumus_pouch_2":1,"minecraft:smooth_sandstone":2,"minecraft:bone":15,"minecraft:gray_terracotta":3,"minecraft:diamond_leggings":1,"minecraft:wheat_seeds":3,"minecraft:spruce_planks":58,"minecraft:spruce_wood":6,"minecraft:beef":3,"minecraft:stone_pickaxe":1,"minecraft:player_head":1,"minecraft:diamond_helmet":1,"minecraft:dark_oak_stairs":1,"minecraft:book":368,"minecraft:stick":5,"minecraft:black_terracotta":7,"minecraft:sweet_berries":1,"minecraft:spruce_sapling":2,"minecraft:spruce_log":15,"minecraft:pink_terracotta":4,"minecraft:arrow":17,"minecraft:diamond_boots":1,"minecraft:stripped_dark_oak_wood":6,"knight_quest:kq_great_essence":16}},"DataVersion":3120}