{"stats":{"minecraft:dropped":{"minecraft:porkchop":6,"minecraft:ominous_bottle":1,"minecraft:glass_bottle":5,"minecraft:diamond":6,"minecraft:crafting_table":15,"minecraft:cooked_porkchop":2,"minecraft:dark_oak_slab":64,"minecraft:crossbow":7,"minecraft:warped_roots":15,"minecraft:saddle":1,"minecraft:leather_helmet":1,"minecraft:music_disc_creator_music_box":1,"minecraft:dirt":862,"minecraft:dark_oak_fence":29,"minecraft:sunflower":1,"minecraft:phantom_membrane":3,"minecraft:sand":41,"minecraft:bolt_armor_trim_smithing_template":2,"minecraft:sugar":6,"minecraft:dark_oak_planks":3,"minecraft:white_wool":1,"minecraft:bone":117,"minecraft:tuff_slab":1408,"minecraft:dark_oak_door":144,"minecraft:stone_axe":2,"minecraft:sugar_cane":35,"minecraft:lever":1,"minecraft:golden_chestplate":2,"minecraft:cobbled_deepslate":153,"minecraft:stripped_dark_oak_log":448,"minecraft:rotten_flesh":199,"minecraft:oak_planks":17,"minecraft:dead_fire_coral_block":1,"minecraft:salmon":16,"minecraft:dark_oak_fence_gate":18,"minecraft:waxed_copper_block":3,"minecraft:wind_charge":10,"minecraft:tipped_arrow":24,"minecraft:red_candle":1,"minecraft:coal_ore":3,"minecraft:leather_boots":1,"minecraft:breeze_rod":1,"minecraft:chiseled_tuff":1,"minecraft:beef":10,"minecraft:warped_wart_block":1,"minecraft:ghast_tear":1,"minecraft:acacia_fence":1,"minecraft:enchanted_book":9,"minecraft:iron_ingot":2,"minecraft:netherite_pickaxe":2,"minecraft:wheat_seeds":56,"minecraft:waxed_oxidized_cut_copper_stairs":2,"minecraft:feather":9,"minecraft:prismarine_crystals":2,"minecraft:cobblestone":362,"minecraft:oak_fence":1,"minecraft:iron_helmet":1,"minecraft:book":1,"minecraft:granite":24,"minecraft:coal":8,"minecraft:golden_carrot":1,"minecraft:ink_sac":3,"minecraft:potion":1,"minecraft:heart_of_the_sea":1,"minecraft:paper":16,"minecraft:string":56,"minecraft:lily_pad":1,"minecraft:furnace":2,"minecraft:moss_carpet":1,"minecraft:netherite_hoe":1,"minecraft:netherite_ingot":1,"minecraft:polished_diorite_slab":64,"minecraft:stone_sword":2,"minecraft:polished_tuff_slab":1,"minecraft:deepslate":87,"minecraft:diamond_hoe":2,"minecraft:chicken":6,"minecraft:iron_boots":7,"minecraft:nether_bricks":12,"minecraft:diamond_sword":1,"minecraft:big_dripleaf":3,"minecraft:potato":2,"minecraft:stone":460,"minecraft:sea_pickle":1,"minecraft:spruce_planks":116,"minecraft:diamond_pickaxe":3,"minecraft:redstone_torch":5,"minecraft:stone_bricks":44,"minecraft:spider_eye":54,"minecraft:bamboo":124,"minecraft:bow":12,"minecraft:magma_block":16,"minecraft:gold_ore":2,"minecraft:spruce_sign":2,"minecraft:brown_mushroom":1,"minecraft:decorated_pot":1,"minecraft:netherite_upgrade_smithing_template":1,"minecraft:leather":9,"minecraft:iron_horse_armor":2,"minecraft:flint":20,"minecraft:deepslate_gold_ore":5,"minecraft:dispenser":10,"minecraft:mutton":4,"minecraft:seagrass":1,"minecraft:music_disc_precipice":1,"minecraft:gold_ingot":7,"minecraft:gravel":88,"minecraft:red_glazed_terracotta":1,"minecraft:purpur_block":1,"minecraft:blackstone":10,"minecraft:chiseled_tuff_bricks":5,"minecraft:pointed_dripstone":1,"minecraft:cherry_sapling":12,"minecraft:carrot":4,"minecraft:gunpowder":11,"minecraft:ochre_froglight":1,"minecraft:chest":100,"minecraft:arrow":154,"minecraft:basalt":41,"minecraft:scaffolding":363,"minecraft:quartz":336,"minecraft:netherrack":2198,"minecraft:bread":7,"minecraft:stripped_spruce_log":320,"minecraft:golden_helmet":1,"minecraft:cherry_log":1,"minecraft:diamond_leggings":1,"minecraft:poisonous_potato":5,"minecraft:observer":11,"minecraft:polished_tuff":3,"minecraft:amethyst_block":2,"minecraft:grass_block":1,"minecraft:stick":28,"minecraft:deepslate_brick_stairs":26,"minecraft:diorite":17,"minecraft:torch":17,"minecraft:repeater":27,"minecraft:waxed_copper_bulb":3,"minecraft:iron_leggings":2,"minecraft:iron_axe":1,"minecraft:pink_petals":5,"minecraft:bucket":2,"minecraft:smooth_basalt":16,"minecraft:redstone":60,"minecraft:tuff_bricks":38,"minecraft:kelp":5,"minecraft:warped_nylium":3,"minecraft:raw_copper":32,"minecraft:tuff":1421,"minecraft:light_gray_wool":2,"minecraft:iron_hoe":1,"minecraft:comparator":6,"minecraft:glass_pane":64,"minecraft:flint_and_steel":1,"minecraft:copper_ore":2,"minecraft:filled_map":1,"minecraft:oak_button":1,"minecraft:trial_key":3,"minecraft:diamond_chestplate":1,"minecraft:iron_chestplate":2,"minecraft:andesite":16,"minecraft:golden_leggings":1,"minecraft:oak_sapling":3,"minecraft:stripped_cherry_log":1,"minecraft:slime_ball":3,"minecraft:spruce_log":60,"minecraft:stone_pickaxe":1,"minecraft:wooden_pickaxe":1,"minecraft:calcite":5,"minecraft:waxed_oxidized_copper_grate":9,"minecraft:brick":35},"minecraft:used":{"minecraft:moss_block":1,"minecraft:tuff_bricks":5,"minecraft:dispenser":6,"minecraft:elytra":10,"minecraft:ladder":4,"minecraft:chest":68,"minecraft:stone":653,"minecraft:soul_sand":2,"minecraft:deepslate_brick_slab":252,"minecraft:stripped_spruce_log":80,"minecraft:spruce_boat":18,"minecraft:lava_bucket":2,"minecraft:netherite_shovel":1262,"minecraft:grass_block":268,"minecraft:netherite_hoe":66,"minecraft:dark_oak_slab":5,"minecraft:waxed_exposed_copper_bulb":1,"minecraft:netherite_boots":2,"minecraft:bow":989,"minecraft:sweet_berries":26,"minecraft:ominous_bottle":8,"minecraft:furnace":6,"minecraft:oak_sapling":1,"minecraft:acacia_fence":115,"minecraft:egg":3,"minecraft:potato":348,"minecraft:seagrass":34,"minecraft:deepslate_brick_wall":436,"minecraft:mossy_stone_bricks":8,"minecraft:diorite":27,"minecraft:spruce_door":6,"minecraft:acacia_trapdoor":1,"minecraft:wooden_pickaxe":15,"minecraft:oak_leaves":54,"minecraft:golden_apple":6,"minecraft:dark_oak_trapdoor":209,"minecraft:blast_furnace":9,"minecraft:deepslate_brick_stairs":539,"minecraft:stone_button":2,"minecraft:lectern":6,"minecraft:chiseled_tuff_bricks":2,"minecraft:diamond_sword":63,"minecraft:dark_oak_fence":898,"minecraft:oak_boat":4,"minecraft:oak_trapdoor":94,"minecraft:enchanting_table":1,"minecraft:stone_sword":225,"minecraft:armor_stand":19,"minecraft:cooked_salmon":1,"minecraft:netherrack":890,"minecraft:trial_key":12,"minecraft:torch":148,"minecraft:dragon_egg":1,"minecraft:anvil":2,"minecraft:jungle_trapdoor":192,"minecraft:dead_brain_coral_block":50,"minecraft:red_shulker_box":18,"minecraft:iron_axe":188,"minecraft:totem_of_undying":2,"minecraft:barrel":21,"minecraft:smooth_basalt":3,"minecraft:bamboo":286,"minecraft:diamond_chestplate":24,"minecraft:basalt":73,"minecraft:glowstone":150,"minecraft:beef":7,"minecraft:observer":1,"minecraft:cobbled_deepslate":460,"minecraft:cherry_log":62,"minecraft:calcite":2,"minecraft:wheat_seeds":82,"minecraft:water_bucket":407,"minecraft:yellow_shulker_box":10,"minecraft:cartography_table":4,"minecraft:deepslate_bricks":77,"minecraft:cracked_stone_bricks":1,"minecraft:comparator":3,"minecraft:crafting_table":19,"minecraft:tnt":553,"minecraft:red_bed":1,"minecraft:white_bed":15,"minecraft:campfire":17,"minecraft:dark_oak_fence_gate":144,"minecraft:spruce_log":2261,"minecraft:deepslate_tile_wall":1,"minecraft:ender_eye":37,"minecraft:diamond_pickaxe":7558,"minecraft:ominous_trial_key":11,"minecraft:diamond_shovel":485,"minecraft:wind_charge":64,"minecraft:iron_pickaxe":510,"minecraft:spruce_pressure_plate":2,"minecraft:spruce_trapdoor":181,"minecraft:spruce_sapling":19,"minecraft:crimson_nylium":5,"minecraft:cobblestone":350,"minecraft:potion":4,"minecraft:porkchop":1,"minecraft:cooked_porkchop":12,"minecraft:glass_pane":109,"minecraft:jukebox":7,"minecraft:diamond_leggings":1,"minecraft:tuff_slab":1303,"minecraft:cherry_sapling":4,"minecraft:moss_carpet":1,"minecraft:diamond_hoe":2,"minecraft:oak_sign":1,"minecraft:shield":206,"minecraft:iron_sword":961,"minecraft:iron_chestplate":24,"minecraft:carrot":67,"minecraft:tuff":22,"minecraft:glass":8,"minecraft:coal_ore":84,"minecraft:lantern":226,"minecraft:stone_bricks":73,"minecraft:deepslate_diamond_ore":36,"minecraft:scaffolding":83,"minecraft:blue_shulker_box":17,"minecraft:gold_block":1,"minecraft:golden_boots":1,"minecraft:dark_oak_stairs":476,"minecraft:stone_pickaxe":95,"minecraft:jungle_fence":8,"minecraft:oak_planks":86,"minecraft:ender_pearl":22,"minecraft:diamond_axe":340,"minecraft:sugar_cane":260,"minecraft:white_wool":1,"minecraft:netherite_leggings":1,"minecraft:crossbow":49,"minecraft:ochre_froglight":1,"minecraft:end_stone":71,"minecraft:lever":3,"minecraft:firework_rocket":676,"minecraft:mace":22,"minecraft:lime_carpet":8,"minecraft:melon_slice":46,"minecraft:bread":3,"minecraft:iron_door":1,"minecraft:deepslate":45,"minecraft:gravel":2,"minecraft:blue_candle":4,"minecraft:grindstone":58,"minecraft:andesite":99,"minecraft:stripped_cherry_log":1,"minecraft:bone_meal":192,"minecraft:experience_bottle":2,"minecraft:trident":518,"minecraft:netherite_sword":1285,"minecraft:flint_and_steel":112,"minecraft:stone_shovel":28,"minecraft:redstone":2,"minecraft:spruce_planks":1652,"minecraft:cooked_chicken":6,"minecraft:dirt":324,"minecraft:white_carpet":8,"minecraft:hopper":3,"minecraft:spruce_stairs":203,"minecraft:shulker_box":2,"minecraft:pink_carpet":8,"minecraft:granite":1,"minecraft:iron_hoe":229,"minecraft:dark_oak_planks":1,"minecraft:bookshelf":65,"minecraft:oak_stairs":2,"minecraft:red_candle":10,"minecraft:soul_soil":27,"minecraft:dark_oak_pressure_plate":7,"minecraft:netherite_pickaxe":6864,"minecraft:cooked_beef":261,"minecraft:enchanted_golden_apple":2,"minecraft:cooked_mutton":15,"minecraft:polished_andesite":16,"minecraft:netherite_chestplate":6,"minecraft:baked_potato":390,"minecraft:spruce_sign":158,"minecraft:green_bed":6,"minecraft:cobblestone_slab":7,"minecraft:waxed_copper_block":7,"minecraft:glow_item_frame":8,"minecraft:stripped_dark_oak_log":1,"minecraft:smoker":9,"minecraft:dark_oak_door":24,"minecraft:flower_pot":40,"minecraft:apple":9,"minecraft:netherite_axe":1430,"minecraft:lapis_ore":8,"minecraft:jungle_stairs":79,"minecraft:acacia_fence_gate":50,"minecraft:stone_axe":40,"minecraft:fire_coral_block":2,"minecraft:white_banner":1,"minecraft:bucket":414,"minecraft:sea_pickle":63,"minecraft:purple_carpet":8},"minecraft:crafted":{"minecraft:blaze_powder":26,"minecraft:lever":3,"minecraft:diamond_shovel":1,"minecraft:bookshelf":33,"minecraft:cooked_mutton":13,"minecraft:shulker_box":3,"minecraft:mace":1,"minecraft:glass":7,"minecraft:diamond_helmet":2,"minecraft:repeater":27,"minecraft:diamond_leggings":1,"minecraft:netherite_boots":2,"minecraft:deepslate":32,"minecraft:emerald":106,"minecraft:diamond_axe":1,"minecraft:spruce_door":6,"minecraft:cartography_table":1,"minecraft:stone_brick_stairs":8,"minecraft:stone_slab":6,"minecraft:iron_pickaxe":2,"minecraft:iron_block":7,"minecraft:gold_ingot":134,"minecraft:netherite_ingot":4,"minecraft:stone_shovel":1,"minecraft:jukebox":2,"minecraft:wind_charge":4,"minecraft:bone_meal":192,"minecraft:blue_shulker_box":1,"minecraft:netherite_axe":1,"minecraft:spruce_stairs":52,"minecraft:tuff_slab":2526,"minecraft:ladder":6,"minecraft:spruce_slab":12,"minecraft:red_shulker_box":1,"minecraft:stone_pickaxe":1,"minecraft:diamond_boots":1,"minecraft:spruce_boat":1,"minecraft:dark_oak_planks":256,"minecraft:wheat":126,"minecraft:netherite_pickaxe":1,"minecraft:enchanting_table":1,"minecraft:enchanted_book":20,"minecraft:oak_stairs":4,"minecraft:iron_leggings":2,"minecraft:white_bed":2,"minecraft:music_disc_5":1,"minecraft:grindstone":1,"minecraft:oak_planks":672,"minecraft:cobblestone_slab":6,"minecraft:stone":72,"minecraft:cobblestone_stairs":4,"minecraft:spruce_pressure_plate":1,"minecraft:dark_oak_door":18,"minecraft:hopper":3,"minecraft:stone_brick_slab":18,"minecraft:bow":4,"minecraft:iron_boots":3,"minecraft:comparator":6,"minecraft:chest":35,"minecraft:netherite_helmet":1,"minecraft:ender_eye":26,"minecraft:stone_bricks":112,"minecraft:white_banner":1,"minecraft:arrow":80,"minecraft:map":7,"minecraft:crafting_table":53,"minecraft:spruce_planks":1812,"minecraft:wooden_pickaxe":1,"minecraft:baked_potato":457,"minecraft:iron_helmet":3,"minecraft:dispenser":13,"minecraft:tnt":53,"minecraft:spruce_trapdoor":2,"minecraft:dark_oak_slab":6,"minecraft:iron_chestplate":3,"minecraft:book":49,"minecraft:paper":825,"minecraft:diamond_pickaxe":4,"minecraft:yellow_dye":3,"minecraft:shield":4,"minecraft:stick":2899,"minecraft:iron_ingot":159,"minecraft:stone_sword":8,"minecraft:redstone_torch":78,"minecraft:shears":1,"minecraft:netherite_sword":1,"minecraft:furnace":2,"minecraft:stone_button":2,"minecraft:oak_trapdoor":4,"minecraft:flint_and_steel":2,"minecraft:scaffolding":360,"minecraft:netherite_chestplate":2,"minecraft:netherite_leggings":1,"minecraft:yellow_shulker_box":1,"minecraft:iron_hoe":1,"minecraft:netherite_scrap":18,"minecraft:observer":12,"minecraft:cooked_beef":64,"minecraft:red_dye":1,"minecraft:diamond_sword":2,"minecraft:spruce_sign":3,"minecraft:dark_oak_stairs":40,"minecraft:iron_sword":4,"minecraft:bucket":5,"minecraft:stone_axe":1,"minecraft:air":0,"minecraft:blue_dye":2,"minecraft:oak_boat":2,"minecraft:white_wool":5,"minecraft:anvil":2,"minecraft:torch":88,"minecraft:firework_rocket":1518},"minecraft:mined":{"minecraft:red_shulker_box":18,"minecraft:white_bed":13,"minecraft:cherry_log":447,"minecraft:obsidian":4,"minecraft:granite":71,"minecraft:chiseled_polished_blackstone":1,"minecraft:deepslate_tile_wall":2,"minecraft:deepslate_bricks":6,"minecraft:chiseled_tuff_bricks":14,"minecraft:tube_coral_block":1,"minecraft:oak_wall_sign":1,"minecraft:spawner":9,"minecraft:polished_blackstone_bricks":11,"minecraft:tall_seagrass":3,"minecraft:magma_block":16,"minecraft:dark_oak_trapdoor":45,"minecraft:cobbled_deepslate":14,"minecraft:barrel":7,"minecraft:fire":79,"minecraft:deepslate_lapis_ore":12,"minecraft:sculk_shrieker":3,"minecraft:cave_vines":2,"minecraft:dirt_path":8,"minecraft:oak_stairs":1,"minecraft:spruce_pressure_plate":2,"minecraft:deepslate_brick_stairs":63,"minecraft:white_banner":1,"minecraft:iron_block":164,"minecraft:jungle_trapdoor":15,"minecraft:cut_sandstone":1,"minecraft:red_bed":1,"minecraft:kelp_plant":4,"minecraft:deepslate_brick_wall":20,"minecraft:smoker":1,"minecraft:crimson_nylium":5,"minecraft:soul_fire":3,"minecraft:powder_snow":16,"minecraft:torch":20,"minecraft:blast_furnace":1,"minecraft:melon":10,"minecraft:dead_bush":3,"minecraft:spruce_wall_sign":13,"minecraft:glass":5,"minecraft:sugar_cane":508,"minecraft:amethyst_block":16,"minecraft:waxed_copper_bulb":3,"minecraft:wheat":26,"minecraft:magenta_bed":1,"minecraft:jukebox":5,"minecraft:waxed_copper_block":27,"minecraft:smooth_basalt":19,"minecraft:blue_shulker_box":17,"minecraft:deepslate":1374,"minecraft:end_stone":68,"minecraft:shulker_box":2,"minecraft:nether_bricks":12,"minecraft:dark_oak_fence":78,"minecraft:redstone_wire":2,"minecraft:cartography_table":3,"minecraft:potted_bamboo":2,"minecraft:moss_block":1,"minecraft:redstone_ore":2,"minecraft:waxed_oxidized_cut_copper":1,"minecraft:acacia_trapdoor":1,"minecraft:waxed_copper_grate":9,"minecraft:andesite":118,"minecraft:big_dripleaf_stem":1,"minecraft:chiseled_tuff":3,"minecraft:potatoes":247,"minecraft:cobblestone_slab":1,"minecraft:bamboo_sapling":7,"minecraft:bamboo":127,"minecraft:fire_coral_block":2,"minecraft:white_wool":1,"minecraft:glass_pane":5,"minecraft:soul_sand":4,"minecraft:comparator":3,"minecraft:stone_brick_slab":1,"minecraft:dandelion":3,"minecraft:cornflower":2,"minecraft:tuff_slab":57,"minecraft:short_grass":508,"minecraft:emerald_ore":1,"minecraft:warped_roots":7,"minecraft:campfire":1,"minecraft:copper_ore":16,"minecraft:tall_grass":52,"minecraft:deepslate_gold_ore":46,"minecraft:diorite":75,"minecraft:warped_wart_block":1,"minecraft:spruce_log":479,"minecraft:birch_leaves":3,"minecraft:gravel":125,"minecraft:sunflower":1,"minecraft:dripstone_block":1,"minecraft:cobweb":44,"minecraft:stone_bricks":45,"minecraft:gold_ore":3,"minecraft:fern":7,"minecraft:waxed_cut_copper_slab":1,"minecraft:spruce_planks":81,"minecraft:brewing_stand":1,"minecraft:spruce_trapdoor":21,"minecraft:budding_amethyst":4,"minecraft:grass_block":721,"minecraft:cracked_polished_blackstone_bricks":1,"minecraft:soul_soil":26,"minecraft:polished_blackstone_brick_slab":1,"minecraft:composter":1,"minecraft:tuff_bricks":116,"minecraft:raw_iron_block":2,"minecraft:glowstone":7,"minecraft:iron_ore":77,"minecraft:polished_tuff":9,"minecraft:dark_oak_stairs":73,"minecraft:iron_bars":2,"minecraft:polished_tuff_slab":2,"minecraft:brain_coral_block":1,"minecraft:green_bed":6,"minecraft:deepslate_redstone_ore":3,"minecraft:blackstone":86,"minecraft:clay":2,"minecraft:jungle_stairs":15,"minecraft:calcite":38,"minecraft:poppy":2,"minecraft:beacon":1,"minecraft:chest":33,"minecraft:nether_quartz_ore":268,"minecraft:cobblestone":38,"minecraft:grindstone":9,"minecraft:oak_planks":43,"minecraft:waxed_chiseled_copper":1,"minecraft:iron_door":22,"minecraft:wall_torch":7,"minecraft:deepslate_copper_ore":1,"minecraft:pink_petals":3,"minecraft:seagrass":6,"minecraft:red_candle":7,"minecraft:warped_nylium":15,"minecraft:dark_oak_door":7,"minecraft:waxed_oxidized_cut_copper_stairs":3,"minecraft:tnt":22,"minecraft:purpur_block":1,"minecraft:smooth_stone_slab":3,"minecraft:oak_log":104,"minecraft:waxed_oxidized_copper":3,"minecraft:acacia_fence":8,"minecraft:sand":441,"minecraft:dirt":540,"minecraft:ancient_debris":17,"minecraft:dispenser":3,"minecraft:netherrack":6779,"minecraft:oak_leaves":44,"minecraft:nether_gold_ore":26,"minecraft:tuff":2327,"minecraft:deepslate_diamond_ore":176,"minecraft:stripped_cherry_log":2,"minecraft:lever":1,"minecraft:dark_oak_pressure_plate":1,"minecraft:decorated_pot":56,"minecraft:hay_block":15,"minecraft:deepslate_brick_slab":21,"minecraft:oak_trapdoor":23,"minecraft:furnace":6,"minecraft:carrots":1,"minecraft:nether_sprouts":1,"minecraft:dark_oak_fence_gate":20,"minecraft:stripped_spruce_log":17,"minecraft:gold_block":3,"minecraft:potted_cherry_sapling":1,"minecraft:bookshelf":23,"minecraft:deepslate_iron_ore":56,"minecraft:lantern":5,"minecraft:stone":1935,"minecraft:yellow_shulker_box":10,"minecraft:podzol":3,"minecraft:waxed_exposed_copper_bulb":1,"minecraft:scaffolding":7,"minecraft:infested_stone_bricks":2,"minecraft:stripped_dark_oak_log":1,"minecraft:basalt":123,"minecraft:spruce_door":1,"minecraft:oak_fence":1,"minecraft:crafting_table":12,"minecraft:lectern":6,"minecraft:red_glazed_terracotta":2,"minecraft:lapis_ore":33,"minecraft:lily_pad":1,"minecraft:sculk":2,"minecraft:spruce_stairs":23,"minecraft:sea_pickle":1,"minecraft:acacia_fence_gate":2,"minecraft:waxed_oxidized_copper_grate":6,"minecraft:sweet_berry_bush":1,"minecraft:yellow_bed":1,"minecraft:dead_brain_coral_block":1,"minecraft:coal_ore":258,"minecraft:ochre_froglight":1,"minecraft:cherry_leaves":90,"minecraft:flower_pot":5,"minecraft:cracked_stone_bricks":10,"minecraft:polished_andesite":16,"minecraft:mossy_stone_bricks":20},"minecraft:picked_up":{"minecraft:seagrass":94,"minecraft:blue_candle":12,"minecraft:iron_chestplate":3,"minecraft:chainmail_boots":1,"minecraft:flower_pot":40,"minecraft:smithing_table":4,"minecraft:lead":2,"minecraft:oak_stairs":1,"minecraft:enchanted_book":3,"minecraft:brewing_stand":1,"minecraft:amethyst_block":2,"minecraft:string":326,"minecraft:dark_oak_pressure_plate":23,"minecraft:dark_oak_trapdoor":243,"minecraft:soul_soil":27,"minecraft:sculk_shrieker":1,"minecraft:diamond_leggings":1,"minecraft:gold_nugget":43,"minecraft:cobbled_deepslate":709,"minecraft:spruce_planks":878,"minecraft:acacia_fence_gate":50,"minecraft:trial_key":19,"minecraft:enchanted_golden_apple":3,"minecraft:melon_slice":56,"minecraft:dark_oak_door":24,"minecraft:golden_helmet":2,"minecraft:spruce_pressure_plate":30,"minecraft:polished_blackstone_brick_slab":1,"minecraft:jukebox":5,"minecraft:big_dripleaf":3,"minecraft:green_bed":6,"minecraft:pink_carpet":56,"minecraft:cherry_log":458,"minecraft:waxed_copper_grate":3,"minecraft:golden_chestplate":4,"minecraft:stone_sword":1,"minecraft:lime_carpet":56,"minecraft:iron_block":166,"minecraft:glowstone":81,"minecraft:netherite_chestplate":1,"minecraft:blaze_rod":31,"minecraft:magma_block":16,"minecraft:feather":8,"minecraft:cooked_beef":43,"minecraft:iron_door":1,"minecraft:water_bucket":1,"minecraft:brown_wool":1,"minecraft:smoker":5,"minecraft:flint":30,"minecraft:lantern":87,"minecraft:purple_carpet":56,"minecraft:diamond_helmet":1,"minecraft:glowstone_dust":3,"minecraft:moss_block":1,"minecraft:warped_wart_block":1,"minecraft:stripped_spruce_log":557,"minecraft:ink_sac":3,"minecraft:loom":2,"minecraft:acacia_stairs":128,"minecraft:barrel":97,"minecraft:polished_andesite":16,"minecraft:dispenser":3,"minecraft:deepslate":261,"minecraft:lever":1,"minecraft:deepslate_gold_ore":5,"minecraft:dead_brain_coral_block":2,"minecraft:granite":48,"minecraft:bread":8,"minecraft:music_disc_precipice":3,"minecraft:dark_oak_fence":627,"minecraft:ominous_trial_key":11,"minecraft:crimson_roots":1,"minecraft:diamond_pickaxe":2,"minecraft:music_disc_5":1,"minecraft:crafting_table":14,"minecraft:ominous_bottle":13,"minecraft:clay_ball":4,"minecraft:music_disc_creator":9,"minecraft:stripped_cherry_log":2,"minecraft:purpur_block":1,"minecraft:wind_charge":76,"minecraft:cornflower":2,"minecraft:jungle_trapdoor":333,"minecraft:elytra":1,"minecraft:flow_banner_pattern":2,"minecraft:glass_pane":47,"minecraft:cracked_stone_bricks":1,"minecraft:cartography_table":3,"minecraft:netherite_sword":1,"minecraft:deepslate_diamond_ore":38,"minecraft:beef":83,"minecraft:chiseled_tuff":3,"minecraft:jungle_sapling":4,"minecraft:poppy":2,"minecraft:spruce_slab":12,"minecraft:chest":99,"minecraft:waxed_oxidized_copper":2,"minecraft:diamond_hoe":4,"minecraft:copper_ore":4,"minecraft:egg":3,"minecraft:stone":2000,"minecraft:glow_item_frame":24,"minecraft:music_disc_mellohi":1,"minecraft:spruce_fence":4,"minecraft:carrot":9,"minecraft:music_disc_creator_music_box":2,"minecraft:redstone":231,"minecraft:netherite_pickaxe":2,"minecraft:tnt":430,"minecraft:diamond_chestplate":4,"minecraft:decorated_pot":2,"minecraft:diamond_boots":1,"minecraft:deepslate_bricks":52,"minecraft:waxed_oxidized_cut_copper_stairs":3,"minecraft:hay_block":14,"minecraft:flow_armor_trim_smithing_template":1,"minecraft:totem_of_undying":4,"minecraft:tuff_bricks":70,"minecraft:mutton":43,"minecraft:emerald_ore":1,"minecraft:white_wool":25,"minecraft:lapis_ore":8,"minecraft:yellow_shulker_box":10,"minecraft:red_glazed_terracotta":1,"minecraft:jungle_fence":8,"minecraft:ochre_froglight":2,"minecraft:filled_map":1,"minecraft:oak_log":168,"minecraft:lily_pad":98,"minecraft:ancient_debris":17,"minecraft:golden_boots":2,"minecraft:white_banner":4,"minecraft:apple":1,"minecraft:stone_bricks":30,"minecraft:kelp":5,"minecraft:iron_ore":5,"minecraft:glass_bottle":3,"minecraft:dark_oak_stairs":567,"minecraft:smooth_basalt":19,"minecraft:dark_oak_slab":102,"minecraft:sweet_berries":16,"minecraft:sculk":1,"minecraft:waxed_exposed_copper_bulb":1,"minecraft:gravel":153,"minecraft:dead_fire_coral_block":1,"minecraft:spruce_sapling":23,"minecraft:spruce_log":1480,"minecraft:polished_tuff":7,"minecraft:dragon_egg":1,"minecraft:leather_helmet":1,"minecraft:firework_rocket":57,"minecraft:coal_ore":73,"minecraft:slime_ball":3,"minecraft:stone_axe":1,"minecraft:warped_roots":15,"minecraft:oak_button":1,"minecraft:baked_potato":33,"minecraft:warped_nylium":3,"minecraft:stripped_dark_oak_log":188,"minecraft:crimson_nylium":5,"minecraft:ender_pearl":46,"minecraft:shulker_shell":6,"minecraft:music_disc_strad":1,"minecraft:wheat":21,"minecraft:ender_chest":1,"minecraft:potion":8,"minecraft:dead_tube_coral_block":1,"minecraft:raw_copper":32,"minecraft:armor_stand":3,"minecraft:iron_leggings":3,"minecraft:red_candle":11,"minecraft:netherite_ingot":7,"minecraft:oak_sign":6,"minecraft:sea_pickle":65,"minecraft:comparator":3,"minecraft:bucket":1,"minecraft:cobblestone_slab":1,"minecraft:ender_eye":11,"minecraft:calcite":7,"minecraft:deepslate_tile_wall":2,"minecraft:deepslate_iron_ore":23,"minecraft:iron_boots":8,"minecraft:furnace":6,"minecraft:tipped_arrow":131,"minecraft:stick":80,"minecraft:acacia_fence":20,"minecraft:deepslate_brick_wall":227,"minecraft:oak_fence":1,"minecraft:torch":53,"minecraft:spruce_stairs":150,"minecraft:porkchop":9,"minecraft:pointed_dripstone":1,"minecraft:diorite":75,"minecraft:rotten_flesh":237,"minecraft:deepslate_brick_stairs":96,"minecraft:obsidian":5,"minecraft:cobblestone":944,"minecraft:pink_petals":5,"minecraft:andesite":224,"minecraft:golden_leggings":2,"minecraft:beacon":1,"minecraft:potato":862,"minecraft:tuff":2833,"minecraft:dirt":2244,"minecraft:lapis_lazuli":318,"minecraft:leather_boots":2,"minecraft:glass":1,"minecraft:bone":343,"minecraft:bow":13,"minecraft:wheat_seeds":159,"minecraft:deepslate_brick_slab":58,"minecraft:raw_gold":41,"minecraft:grindstone":9,"minecraft:bolt_armor_trim_smithing_template":3,"minecraft:mossy_stone_bricks":8,"minecraft:bamboo":1206,"minecraft:oak_planks":49,"minecraft:ghast_tear":2,"minecraft:cooked_porkchop":18,"minecraft:poisonous_potato":5,"minecraft:sand":470,"minecraft:grass_block":231,"minecraft:shulker_box":2,"minecraft:sugar":10,"minecraft:spruce_boat":18,"minecraft:diamond":209,"minecraft:netherite_helmet":1,"minecraft:waxed_oxidized_copper_grate":12,"minecraft:crossbow":9,"minecraft:breeze_rod":43,"minecraft:golden_apple":2,"minecraft:spruce_sign":173,"minecraft:emerald":389,"minecraft:oak_sapling":4,"minecraft:netherrack":3725,"minecraft:oak_leaves":60,"minecraft:chicken":6,"minecraft:ladder":5,"minecraft:brown_mushroom":1,"minecraft:gold_block":2,"minecraft:diamond_horse_armor":1,"minecraft:brick":35,"minecraft:shield":16,"minecraft:oak_trapdoor":114,"minecraft:moss_carpet":2,"minecraft:iron_axe":1,"minecraft:blackstone":74,"minecraft:oak_boat":3,"minecraft:light_gray_wool":2,"minecraft:lectern":7,"minecraft:blue_shulker_box":17,"minecraft:sugar_cane":955,"minecraft:spruce_trapdoor":164,"minecraft:phantom_membrane":17,"minecraft:raw_iron":124,"minecraft:end_stone":71,"minecraft:polished_blackstone_bricks":2,"minecraft:trident":1,"minecraft:music_disc_11":1,"minecraft:iron_horse_armor":1,"minecraft:arrow":394,"minecraft:red_shulker_box":18,"minecraft:jungle_stairs":195,"minecraft:nether_bricks":12,"minecraft:saddle":1,"minecraft:netherite_boots":1,"minecraft:basalt":115,"minecraft:golden_carrot":7,"minecraft:glow_ink_sac":4,"minecraft:salmon":17,"minecraft:leather":71,"minecraft:cut_sandstone":1,"minecraft:music_disc_stal":1,"minecraft:waxed_copper_bulb":3,"minecraft:waxed_copper_block":12,"minecraft:yellow_bed":1,"minecraft:gunpowder":87,"minecraft:cobblestone_stairs":10,"minecraft:cooked_mutton":2,"minecraft:acacia_trapdoor":359,"minecraft:fire_coral_block":2,"minecraft:iron_ingot":31,"minecraft:polished_tuff_slab":1,"minecraft:cooked_chicken":6,"minecraft:soul_sand":2,"minecraft:music_disc_chirp":1,"minecraft:book":57,"minecraft:scaffolding":83,"minecraft:emerald_block":1,"minecraft:heavy_core":1,"minecraft:raw_iron_block":2,"minecraft:quartz":400,"minecraft:dandelion":3,"minecraft:tuff_slab":292,"minecraft:blast_furnace":1,"minecraft:white_bed":13,"minecraft:gold_ore":2,"minecraft:dark_oak_fence_gate":108,"minecraft:spruce_door":2,"minecraft:spider_eye":85,"minecraft:campfire":1,"minecraft:iron_helmet":2,"minecraft:cherry_sapling":43,"minecraft:netherite_hoe":3,"minecraft:coal":345,"minecraft:chiseled_tuff_bricks":7,"minecraft:sunflower":1},"minecraft:broken":{"minecraft:iron_boots":3,"minecraft:iron_chestplate":3,"minecraft:iron_leggings":1,"minecraft:chainmail_boots":1,"minecraft:iron_sword":3,"minecraft:bow":1,"minecraft:stone_sword":2,"minecraft:shield":3,"minecraft:iron_axe":1,"minecraft:iron_pickaxe":1,"minecraft:iron_helmet":3,"minecraft:golden_leggings":1,"minecraft:flint_and_steel":1},"minecraft:custom":{"minecraft:interact_with_crafting_table":157,"minecraft:open_barrel":29,"minecraft:leave_game":28,"minecraft:time_since_death":7956,"minecraft:damage_blocked_by_shield":9439,"minecraft:play_time":2100746,"minecraft:deaths":117,"minecraft:jump":28503,"minecraft:enchant_item":63,"minecraft:interact_with_furnace":210,"minecraft:play_record":15,"minecraft:traded_with_villager":147,"minecraft:interact_with_cartography_table":1,"minecraft:sleep_in_bed":38,"minecraft:damage_dealt":130311,"minecraft:interact_with_smoker":8,"minecraft:inspect_dispenser":14,"minecraft:horse_one_cm":31999,"minecraft:interact_with_smithing_table":11,"minecraft:interact_with_anvil":40,"minecraft:inspect_hopper":33,"minecraft:target_hit":1,"minecraft:sneak_time":224952,"minecraft:interact_with_blast_furnace":11,"minecraft:total_world_time":2100746,"minecraft:time_since_rest":7981,"minecraft:swim_one_cm":435922,"minecraft:fly_one_cm":6762696,"minecraft:open_chest":1614,"minecraft:fall_one_cm":1278360,"minecraft:animals_bred":10,"minecraft:open_shulker_box":71,"minecraft:damage_resisted":532,"minecraft:sprint_one_cm":5141600,"minecraft:drop":609,"minecraft:talked_to_villager":105,"minecraft:walk_on_water_one_cm":320678,"minecraft:interact_with_loom":8,"minecraft:interact_with_beacon":9,"minecraft:player_kills":9,"minecraft:crouch_one_cm":793754,"minecraft:mob_kills":1597,"minecraft:climb_one_cm":181325,"minecraft:walk_one_cm":3782693,"minecraft:walk_under_water_one_cm":423550,"minecraft:boat_one_cm":159275,"minecraft:raid_trigger":3,"minecraft:pot_flower":15,"minecraft:interact_with_grindstone":20,"minecraft:damage_taken":74132,"minecraft:damage_absorbed":630,"minecraft:aviate_one_cm":11138813},"minecraft:killed":{"minecraft:cave_spider":4,"minecraft:shulker":9,"minecraft:skeleton":300,"minecraft:chicken":7,"minecraft:magma_cube":13,"minecraft:salmon":10,"minecraft:ender_dragon":1,"minecraft:pillager":27,"minecraft:zombie":406,"minecraft:cow":51,"minecraft:evoker":1,"minecraft:vindicator":12,"minecraft:horse":5,"minecraft:wandering_trader":1,"minecraft:breeze":22,"minecraft:enderman":22,"minecraft:witch":6,"minecraft:spider":169,"minecraft:silverfish":15,"minecraft:piglin_brute":2,"minecraft:piglin":12,"minecraft:pig":9,"minecraft:zombie_villager":5,"minecraft:creeper":231,"minecraft:sheep":21,"minecraft:trader_llama":3,"minecraft:ghast":4,"minecraft:stray":101,"minecraft:blaze":17,"minecraft:armadillo":1,"minecraft:bogged":1,"minecraft:slime":1,"minecraft:phantom":24,"minecraft:drowned":6,"minecraft:bat":1,"minecraft:hoglin":4,"minecraft:squid":1,"minecraft:wither_skeleton":13},"minecraft:killed_by":{"minecraft:piglin_brute":1,"minecraft:zombie":10,"minecraft:stray":36,"minecraft:ender_dragon":3,"minecraft:warden":2,"minecraft:evoker":1,"minecraft:creeper":3,"minecraft:drowned":2,"minecraft:cave_spider":1,"minecraft:player":9,"minecraft:spider":6,"minecraft:enderman":5,"minecraft:skeleton":12}},"DataVersion":3953}