{"stats":{"minecraft:mined":{"minecraft:dark_oak_planks":3,"minecraft:spruce_planks":182,"minecraft:black_terracotta":7,"infernalexp:soul_stone":3,"minecraft:spruce_leaves":25,"minecraft:moss_block":1,"minecraft:spawner":43,"minecraft:large_fern":2,"minecraft:weeping_vines_plant":1,"gnumus:scion_weed":2,"minecraft:spruce_sapling":1,"minecraft:fire":1,"minecraft:stripped_dark_oak_wood":8,"minecraft:dark_oak_stairs":1,"minecraft:bookshelf":194,"minecraft:spruce_wood":1,"gnumus:fragile_gnumus_jug":2,"minecraft:pink_terracotta":4,"minecraft:gray_terracotta":3,"minecraft:blackstone":2,"minecraft:soul_sand":1,"minecraft:infested_stone_bricks":1,"minecraft:basalt":20,"minecraft:smooth_sandstone":4,"minecraft:crafting_table":1,"minecraft:dark_oak_wood":1,"minecraft:tall_grass":3,"minecraft:blue_bed":8,"minecraft:coarse_dirt":3,"minecraft:lapis_block":6,"minecraft:spruce_log":61,"minecraft:grass":26,"minecraft:cobweb":2,"minecraft:cracked_stone_bricks":1,"minecraft:stone_bricks":4,"minecraft:netherrack":37,"minecraft:infested_stone":1,"minecraft:fern":7},"minecraft:dropped":{"minecraft:iron_sword":2,"minecraft:iron_helmet":3,"minecraft:feather":3,"minecraft:book":32,"born_in_chaos_v1:pieceofdarkmetal":2,"greekfantasy:bronze_coins":4,"minecraft:iron_leggings":2,"minecraft:string":7,"minecraft:spruce_sapling":2,"minecraft:bone":20,"greekfantasy:wooden_spear":1,"greekfantasy:horn":3,"minecraft:rotten_flesh":3,"minecraft:iron_boots":1,"greekfantasy:gigante_head":2,"shieldexp:iron_shield":1,"philipsruins:bone_chunk":1,"minecraft:spruce_planks":2,"minecraft:iron_chestplate":1,"minecraft:oak_sapling":6,"minecraft:ladder":19,"minecraft:spruce_wood":6,"minecraft:bow":1,"minecraft:blue_orchid":3,"minecraft:stone_pickaxe":2},"minecraft:custom":{"minecraft:mob_kills":91,"minecraft:interact_with_anvil":4,"minecraft:interact_with_crafting_table":7,"minecraft:open_barrel":7,"minecraft:damage_dealt_resisted":1256,"minecraft:eat_cake_slice":3,"minecraft:leave_game":9,"minecraft:time_since_death":20264,"minecraft:climb_one_cm":291,"minecraft:sprint_one_cm":530405,"minecraft:walk_one_cm":233613,"minecraft:damage_blocked_by_shield":220,"minecraft:drop":39,"minecraft:play_time":132044,"minecraft:deaths":24,"minecraft:sneak_time":9331,"minecraft:walk_under_water_one_cm":651,"minecraft:jump":3807,"minecraft:walk_on_water_one_cm":7571,"minecraft:total_world_time":132044,"minecraft:sleep_in_bed":3,"minecraft:time_since_rest":20300,"minecraft:damage_taken":11939,"minecraft:trigger_trapped_chest":1,"minecraft:damage_dealt":15277,"minecraft:swim_one_cm":6464,"minecraft:fly_one_cm":915493,"minecraft:player_kills":1,"minecraft:open_chest":126,"minecraft:crouch_one_cm":28710,"minecraft:fall_one_cm":120893,"minecraft:inspect_dispenser":1},"minecraft:killed_by":{"minecraft:player":3,"born_in_chaos_v1:restless_spirit":1,"born_in_chaos_v1:baby_sk_pow":3,"minecraft:creeper":1,"hmag:zombie_girl":1,"born_in_chaos_v1:wither_strider":1,"minecraft:vindicator":1,"born_in_chaos_v1:decrepit_skeleton":1,"minecraft:skeleton":8,"born_in_chaos_v1:supreme_bonescaller_s_2":1,"minecraft:vex":1},"minecraft:crafted":{"shieldexp:iron_shield":2,"decorative_blocks:spruce_palisade":6,"minecraft:diamond_helmet":1,"minecraft:iron_boots":1,"minecraft:iron_axe":1,"lumberjack:iron_lumberaxe":1,"minecraft:dark_oak_planks":24,"minecraft:crafting_table":1,"minecraft:spruce_planks":52,"minecraft:iron_sword":1,"minecraft:bucket":1,"minecraft:diamond_pickaxe":1,"minecraft:stick":8,"minecraft:iron_leggings":1,"minecraft:diamond_chestplate":1},"minecraft:broken":{"minecraft:diamond_helmet":1,"minecraft:iron_chestplate":1,"lumberjack:iron_lumberaxe":1},"minecraft:killed":{"greekfantasy:cyclops":1,"born_in_chaos_v1:restless_spirit":3,"greekfantasy:gigante":1,"minecraft:spider":5,"hmag:skeleton_girl":1,"born_in_chaos_v1:supreme_bonescaller_s_2":1,"minecraft:skeleton":25,"greekfantasy:fury":1,"born_in_chaos_v1:zombie_clown_n":1,"born_in_chaos_v1:baby_sk_pow":8,"minecraft:magma_cube":1,"born_in_chaos_v1:baby_skeleton":2,"born_in_chaos_v1:wither_strider":6,"hmag:wither_ghost":3,"minecraft:creeper":1,"born_in_chaos_v1:decrepit_skeleton":2,"greekfantasy:minotaur":4,"minecraft:zombie":7,"minecraft:stray":3,"gnumus:gnumusnotdispawn":2,"born_in_chaos_v1:skeleton_thrasher_n":1,"minecraft:wither_skeleton":2,"minecraft:cow":1},"minecraft:used":{"greekfantasy:wooden_spear":4,"minecraft:spruce_planks":100,"minecraft:iron_sword":99,"minecraft:netherrack":30,"minecraft:soul_sand":1,"minecraft:dirt":2,"minecraft:diamond_helmet":1,"minecraft:pink_terracotta":2,"minecraft:obsidian":3,"minecraft:dark_oak_planks":26,"minecraft:iron_axe":87,"minecraft:smooth_sandstone":2,"minecraft:basalt":18,"minecraft:bow":48,"minecraft:beef":1,"minecraft:sweet_berries":1,"lumberjack:iron_lumberaxe":375,"minecraft:cooked_beef":64,"bygonenether:cobbled_blackstone":1,"minecraft:diamond_boots":2,"minecraft:stone_pickaxe":4,"minecraft:blue_bed":6,"infernalexp:soul_stone":3,"minecraft:crafting_table":1,"minecraft:crossbow":1,"decorative_blocks:spruce_palisade":6,"minecraft:spruce_log":1,"shieldexp:iron_shield":2,"minecraft:gray_terracotta":3,"minecraft:diamond_pickaxe":141,"minecraft:apple":6,"minecraft:bread":3,"minecraft:spruce_sapling":5,"minecraft:diamond_sword":269,"minecraft:azalea_leaves":3,"minecraft:coarse_dirt":3},"minecraft:picked_up":{"minecraft:crafting_table":1,"minecraft:coarse_dirt":3,"minecraft:ladder":19,"minecraft:diamond_sword":1,"minecraft:shield":1,"greekfantasy:horn":3,"minecraft:lapis_block":6,"minecraft:string":6,"minecraft:diamond_leggings":1,"minecraft:spruce_planks":58,"minecraft:beef":4,"minecraft:player_head":1,"minecraft:egg":1,"greekfantasy:pinecone":9,"minecraft:stick":8,"bygonenether:cobbled_blackstone":2,"born_in_chaos_v1:pieceofdarkmetal":2,"minecraft:pink_terracotta":4,"minecraft:dark_oak_planks":2,"minecraft:arrow":17,"minecraft:rotten_flesh":3,"minecraft:diamond_boots":1,"minecraft:stripped_dark_oak_wood":6,"greekfantasy:bronze_nugget":2,"minecraft:basalt":18,"philipsruins:bone_chunk":1,"minecraft:leather":9,"minecraft:gunpowder":1,"minecraft:dirt":2,"minecraft:blue_bed":6,"infernalexp:soul_stone":3,"gnumus:gnumus_pouch_2":1,"minecraft:smooth_sandstone":2,"minecraft:bone":20,"minecraft:gray_terracotta":3,"minecraft:wheat_seeds":3,"minecraft:spruce_wood":6,"minecraft:stone_pickaxe":1,"minecraft:diamond_helmet":1,"greekfantasy:gigante_head":2,"greekfantasy:bronze_coins":2,"minecraft:soul_sand":1,"minecraft:dark_oak_stairs":1,"minecraft:book":368,"minecraft:black_terracotta":7,"minecraft:sweet_berries":1,"hmag:soul_powder":1,"born_in_chaos_v1:orbofthe_summoner":1,"minecraft:spruce_sapling":8,"minecraft:spruce_log":46,"knight_quest:kq_great_essence":19,"minecraft:golden_apple":1,"minecraft:netherrack":36,"minecraft:coal":1}},"DataVersion":3120}