{"stats":{"minecraft:killed_by":{"minecraft:skeleton":3},"minecraft:used":{"minecraft:diamond_pickaxe":3,"minecraft:apple":6,"minecraft:iron_axe":13,"minecraft:bread":2,"minecraft:stone_pickaxe":4,"minecraft:smooth_sandstone":2,"minecraft:spruce_planks":67,"minecraft:iron_sword":15,"minecraft:dirt":2,"minecraft:bow":3,"minecraft:azalea_leaves":3,"minecraft:crafting_table":1,"minecraft:crossbow":1,"lumberjack:iron_lumberaxe":176,"minecraft:coarse_dirt":3,"decorative_blocks:spruce_palisade":6,"minecraft:obsidian":3},"minecraft:dropped":{"shieldexp:iron_shield":1,"minecraft:iron_chestplate":1,"minecraft:ladder":19,"minecraft:iron_leggings":1,"minecraft:iron_helmet":1,"minecraft:iron_boots":1},"minecraft:mined":{"minecraft:coarse_dirt":3,"minecraft:spruce_planks":177,"minecraft:infested_stone_bricks":1,"minecraft:spruce_log":10,"minecraft:smooth_sandstone":2,"minecraft:crafting_table":1,"minecraft:grass":6,"minecraft:tall_grass":1,"gnumus:fragile_gnumus_jug":2,"minecraft:spruce_leaves":2,"minecraft:infested_stone":1,"minecraft:spawner":2},"minecraft:custom":{"minecraft:time_since_rest":3392,"minecraft:sprint_one_cm":71382,"minecraft:damage_taken":1039,"minecraft:walk_one_cm":25780,"minecraft:mob_kills":5,"minecraft:drop":6,"minecraft:damage_dealt":534,"minecraft:swim_one_cm":358,"minecraft:interact_with_crafting_table":3,"minecraft:fly_one_cm":145256,"minecraft:open_chest":16,"minecraft:crouch_one_cm":3106,"minecraft:play_time":17816,"minecraft:deaths":3,"minecraft:sneak_time":928,"minecraft:walk_under_water_one_cm":49,"minecraft:jump":625,"minecraft:walk_on_water_one_cm":1571,"minecraft:time_since_death":3259,"minecraft:total_world_time":17816,"minecraft:fall_one_cm":17433},"minecraft:killed":{"minecraft:skeleton":2,"minecraft:spider":1,"minecraft:cow":1},"minecraft:crafted":{"minecraft:iron_boots":1,"minecraft:diamond_pickaxe":1,"minecraft:crafting_table":1,"minecraft:iron_axe":1,"lumberjack:iron_lumberaxe":1,"minecraft:stick":8,"minecraft:spruce_planks":32,"minecraft:iron_sword":1,"minecraft:iron_leggings":1,"shieldexp:iron_shield":2,"decorative_blocks:spruce_palisade":6},"minecraft:picked_up":{"minecraft:crafting_table":1,"minecraft:stick":5,"minecraft:coarse_dirt":3,"minecraft:ladder":19,"minecraft:sweet_berries":1,"minecraft:leather":4,"minecraft:spruce_sapling":1,"minecraft:spruce_log":10,"minecraft:gunpowder":1,"minecraft:string":2,"minecraft:dirt":2,"gnumus:gnumus_pouch_2":1,"minecraft:smooth_sandstone":2,"minecraft:arrow":4,"minecraft:wheat_seeds":3,"minecraft:spruce_planks":58,"minecraft:beef":3,"knight_quest:kq_great_essence":2}},"DataVersion":3120}