{"stats":{"minecraft:mined":{"minecraft:dark_oak_planks":3,"minecraft:spruce_planks":182,"minecraft:black_terracotta":7,"infernalexp:soul_stone":6,"minecraft:obsidian":4,"minecraft:soul_soil":1,"minecraft:spruce_leaves":25,"minecraft:moss_block":1,"minecraft:spawner":43,"minecraft:large_fern":2,"minecraft:weeping_vines_plant":1,"gnumus:scion_weed":3,"minecraft:spruce_sapling":1,"minecraft:furnace":1,"minecraft:fire":1,"minecraft:stripped_dark_oak_wood":8,"minecraft:dark_oak_stairs":1,"minecraft:bookshelf":194,"minecraft:spruce_wood":1,"gnumus:fragile_gnumus_jug":2,"minecraft:stone":1,"minecraft:bone_block":18,"minecraft:pink_terracotta":4,"minecraft:gray_terracotta":3,"minecraft:blackstone":2,"minecraft:soul_sand":4,"minecraft:infested_stone_bricks":1,"minecraft:basalt":20,"minecraft:smooth_sandstone":4,"minecraft:crafting_table":1,"minecraft:dark_oak_wood":1,"minecraft:chest":1,"minecraft:tall_grass":54,"minecraft:damaged_anvil":2,"minecraft:blue_bed":8,"minecraft:coarse_dirt":3,"minecraft:lapis_block":6,"minecraft:spruce_log":259,"minecraft:grass":131,"minecraft:oak_log":5,"minecraft:sand":70,"minecraft:cobweb":2,"minecraft:cracked_stone_bricks":1,"minecraft:stone_bricks":4,"minecraft:netherrack":77,"infernalexp:buried_bone":4,"minecraft:infested_stone":1,"minecraft:fern":7},"minecraft:dropped":{"minecraft:iron_sword":2,"minecraft:wheat_seeds":1,"minecraft:iron_helmet":3,"minecraft:feather":3,"minecraft:book":32,"born_in_chaos_v1:pieceofdarkmetal":2,"greekfantasy:bronze_coins":4,"minecraft:iron_leggings":2,"greekfantasy:pinecone":2,"minecraft:string":7,"minecraft:spruce_sapling":2,"minecraft:bone":20,"greekfantasy:wooden_spear":1,"born_in_chaos_v1:ethereal_spirit":1,"greekfantasy:horn":3,"minecraft:rotten_flesh":5,"minecraft:iron_boots":1,"greekfantasy:gigante_head":2,"shieldexp:iron_shield":1,"philipsruins:bone_chunk":1,"minecraft:spruce_planks":2,"minecraft:iron_chestplate":1,"minecraft:oak_sapling":6,"minecraft:ladder":19,"minecraft:spruce_wood":6,"minecraft:bow":1,"minecraft:blue_orchid":3,"minecraft:stone_pickaxe":2},"minecraft:custom":{"minecraft:interact_with_smithing_table":1,"minecraft:interact_with_anvil":12,"minecraft:mob_kills":124,"minecraft:interact_with_crafting_table":34,"minecraft:open_barrel":11,"minecraft:interact_with_campfire":6,"minecraft:eat_cake_slice":3,"minecraft:damage_dealt_resisted":1337,"minecraft:leave_game":10,"minecraft:time_since_death":4859,"minecraft:climb_one_cm":291,"minecraft:sprint_one_cm":637058,"minecraft:walk_one_cm":314575,"minecraft:damage_blocked_by_shield":220,"minecraft:drop":43,"minecraft:play_time":179307,"minecraft:deaths":27,"minecraft:sneak_time":13162,"minecraft:walk_under_water_one_cm":699,"minecraft:jump":4747,"minecraft:interact_with_blast_furnace":6,"minecraft:walk_on_water_one_cm":9959,"minecraft:total_world_time":179307,"minecraft:interact_with_furnace":22,"minecraft:sleep_in_bed":5,"minecraft:time_since_rest":4882,"minecraft:damage_taken":13120,"minecraft:damage_absorbed":81,"minecraft:trigger_trapped_chest":1,"minecraft:damage_dealt":20864,"minecraft:swim_one_cm":6849,"minecraft:fly_one_cm":1133362,"minecraft:player_kills":1,"minecraft:open_chest":181,"minecraft:crouch_one_cm":40134,"minecraft:fall_one_cm":152117,"minecraft:inspect_dispenser":1},"minecraft:killed_by":{"minecraft:player":3,"born_in_chaos_v1:restless_spirit":1,"born_in_chaos_v1:baby_sk_pow":3,"minecraft:creeper":1,"hmag:harpy":1,"hmag:zombie_girl":1,"born_in_chaos_v1:wither_strider":1,"minecraft:vindicator":2,"born_in_chaos_v1:bonescaller":1,"born_in_chaos_v1:decrepit_skeleton":1,"minecraft:skeleton":8,"born_in_chaos_v1:supreme_bonescaller_s_2":1,"minecraft:vex":1},"minecraft:crafted":{"minecraft:oak_planks":20,"minecraft:bone_meal":144,"minecraft:bookshelf":21,"shieldexp:iron_shield":2,"travelersbackpack:blank_upgrade":4,"travelersbackpack:gold_tier_upgrade":1,"decorative_blocks:spruce_palisade":6,"minecraft:glass":39,"travelersbackpack:white_sleeping_bag":1,"minecraft:diamond_helmet":1,"minecraft:iron_boots":1,"minecraft:iron_axe":1,"lumberjack:iron_lumberaxe":1,"minecraft:chest":4,"minecraft:dark_oak_planks":44,"travelersbackpack:diamond_tier_upgrade":1,"minecraft:cooked_beef":26,"travelersbackpack:iron_tier_upgrade":1,"minecraft:diamond_sword":1,"minecraft:crafting_table":1,"minecraft:spruce_planks":308,"minecraft:enchanting_table":1,"travelersbackpack:standard":2,"travelersbackpack:backpack_tank":4,"minecraft:iron_sword":1,"minecraft:smithing_table":1,"minecraft:bucket":1,"minecraft:air":0,"minecraft:diamond_pickaxe":1,"minecraft:stick":8,"minecraft:iron_shovel":1,"minecraft:iron_leggings":1,"lumberjack:diamond_lumberaxe":1,"minecraft:diamond_chestplate":1},"minecraft:broken":{"minecraft:diamond_helmet":1,"minecraft:iron_chestplate":1,"lumberjack:iron_lumberaxe":1},"minecraft:killed":{"greekfantasy:cyclops":1,"born_in_chaos_v1:restless_spirit":3,"greekfantasy:gigante":1,"minecraft:spider":5,"hmag:skeleton_girl":1,"infernalexp:embody":3,"born_in_chaos_v1:supreme_bonescaller_s_2":1,"minecraft:skeleton":25,"greekfantasy:fury":1,"born_in_chaos_v1:zombie_clown_n":1,"minecraft:chicken":1,"hmag:catoblepas":1,"born_in_chaos_v1:baby_sk_pow":8,"minecraft:magma_cube":1,"hmag:harpy":1,"born_in_chaos_v1:baby_s_2":1,"born_in_chaos_v1:baby_skeleton":2,"born_in_chaos_v1:wither_strider":6,"hmag:wither_ghost":3,"minecraft:creeper":1,"born_in_chaos_v1:decrepit_skeleton":2,"greekfantasy:minotaur":5,"minecraft:sheep":3,"minecraft:pillager":4,"minecraft:zombie":8,"born_in_chaos_v1:dread_hound":1,"born_in_chaos_v1:dark_vortex":1,"minecraft:stray":3,"gnumus:gnumusnotdispawn":2,"born_in_chaos_v1:skeleton_thrasher_n":1,"minecraft:wither_skeleton":2,"minecraft:cow":16},"minecraft:used":{"greekfantasy:wooden_spear":4,"minecraft:enchanting_table":1,"minecraft:iron_shovel":127,"minecraft:chest":3,"minecraft:spruce_planks":100,"minecraft:iron_sword":99,"minecraft:netherrack":76,"minecraft:soul_sand":1,"minecraft:dirt":2,"minecraft:diamond_helmet":1,"minecraft:pink_terracotta":2,"minecraft:obsidian":3,"minecraft:dark_oak_planks":26,"minecraft:bookshelf":21,"minecraft:iron_axe":196,"minecraft:smooth_sandstone":2,"minecraft:basalt":18,"minecraft:bow":48,"minecraft:beef":4,"minecraft:sweet_berries":1,"minecraft:furnace":1,"lumberjack:iron_lumberaxe":375,"lumberjack:diamond_lumberaxe":97,"minecraft:potato":2,"minecraft:cooked_beef":70,"bygonenether:cobbled_blackstone":2,"minecraft:water_bucket":2,"minecraft:damaged_anvil":2,"minecraft:diamond_boots":2,"minecraft:stone_pickaxe":4,"minecraft:blue_bed":6,"minecraft:golden_apple":2,"infernalexp:soul_stone":6,"minecraft:crafting_table":1,"minecraft:crossbow":1,"decorative_blocks:spruce_palisade":6,"minecraft:spruce_log":1,"shieldexp:iron_shield":2,"minecraft:gray_terracotta":3,"minecraft:diamond_pickaxe":212,"minecraft:apple":6,"minecraft:bread":3,"minecraft:spruce_sapling":20,"greekfantasy:pinecone":4,"minecraft:diamond_sword":409,"travelersbackpack:standard":3,"minecraft:azalea_leaves":3,"minecraft:smithing_table":1,"minecraft:bucket":3,"minecraft:experience_bottle":62,"minecraft:coarse_dirt":3,"minecraft:bone_meal":7},"minecraft:picked_up":{"minecraft:crafting_table":1,"minecraft:coarse_dirt":3,"minecraft:chicken":1,"minecraft:ladder":19,"minecraft:diamond_sword":1,"minecraft:shield":1,"greekfantasy:horn":4,"minecraft:lapis_block":6,"minecraft:string":6,"minecraft:diamond_leggings":1,"minecraft:spruce_planks":58,"minecraft:beef":39,"minecraft:iron_nugget":1,"minecraft:player_head":1,"infernalexp:soul_salt_clump":2,"minecraft:chest":1,"minecraft:furnace":1,"minecraft:egg":3,"greekfantasy:pinecone":25,"minecraft:stick":37,"bygonenether:cobbled_blackstone":2,"born_in_chaos_v1:pieceofdarkmetal":2,"minecraft:pink_terracotta":4,"minecraft:dark_oak_planks":2,"minecraft:arrow":17,"minecraft:rotten_flesh":5,"minecraft:diamond_boots":1,"minecraft:stripped_dark_oak_wood":6,"greekfantasy:bronze_nugget":2,"minecraft:mutton":5,"minecraft:obsidian":4,"minecraft:white_wool":3,"minecraft:bone_block":16,"minecraft:cobblestone":1,"hmag:copper_nugget":2,"minecraft:feather":2,"minecraft:basalt":18,"philipsruins:bone_chunk":1,"minecraft:leather":25,"minecraft:oak_log":5,"minecraft:gunpowder":1,"minecraft:dirt":2,"minecraft:blue_bed":6,"infernalexp:soul_stone":6,"gnumus:gnumus_pouch_2":1,"minecraft:smooth_sandstone":2,"minecraft:bone":26,"minecraft:gray_terracotta":3,"minecraft:wheat_seeds":15,"minecraft:spruce_wood":6,"minecraft:stone_pickaxe":1,"minecraft:diamond_helmet":1,"greekfantasy:gigante_head":2,"greekfantasy:bronze_coins":2,"minecraft:soul_sand":1,"minecraft:dark_oak_stairs":1,"minecraft:book":368,"minecraft:black_terracotta":7,"minecraft:sweet_berries":1,"hmag:soul_powder":1,"born_in_chaos_v1:orbofthe_summoner":1,"born_in_chaos_v1:ethereal_spirit":3,"greekfantasy:dragon_tooth":2,"minecraft:sand":70,"minecraft:spruce_sapling":24,"minecraft:spruce_log":244,"knight_quest:kq_great_essence":19,"minecraft:golden_apple":1,"minecraft:damaged_anvil":2,"minecraft:netherrack":76,"minecraft:coal":129}},"DataVersion":3120}