{"stats":{"minecraft:killed_by":{"minecraft:skeleton":8},"minecraft:used":{"minecraft:stone_pickaxe":4,"minecraft:spruce_planks":91,"minecraft:iron_sword":31,"minecraft:dirt":2,"minecraft:crafting_table":1,"minecraft:crossbow":1,"decorative_blocks:spruce_palisade":6,"minecraft:obsidian":3,"shieldexp:iron_shield":2,"minecraft:diamond_pickaxe":20,"minecraft:apple":6,"minecraft:iron_axe":15,"minecraft:bread":3,"minecraft:smooth_sandstone":2,"minecraft:bow":36,"minecraft:azalea_leaves":3,"minecraft:sweet_berries":1,"lumberjack:iron_lumberaxe":272,"minecraft:coarse_dirt":3},"minecraft:dropped":{"minecraft:feather":3,"minecraft:iron_helmet":3,"minecraft:book":32,"minecraft:iron_boots":1,"shieldexp:iron_shield":1,"philipsruins:bone_chunk":1,"minecraft:spruce_planks":2,"minecraft:iron_chestplate":1,"minecraft:oak_sapling":6,"minecraft:spruce_wood":2,"minecraft:ladder":19,"minecraft:iron_leggings":2,"minecraft:blue_orchid":3,"minecraft:stone_pickaxe":2,"minecraft:string":3,"minecraft:spruce_sapling":2},"minecraft:mined":{"minecraft:spruce_planks":177,"minecraft:infested_stone_bricks":1,"minecraft:black_terracotta":3,"minecraft:smooth_sandstone":2,"minecraft:crafting_table":1,"minecraft:tall_grass":1,"minecraft:spruce_leaves":2,"minecraft:spawner":13,"minecraft:coarse_dirt":3,"minecraft:spruce_log":27,"minecraft:dark_oak_stairs":1,"minecraft:grass":6,"minecraft:bookshelf":79,"minecraft:spruce_wood":1,"gnumus:fragile_gnumus_jug":2,"minecraft:pink_terracotta":2,"minecraft:infested_stone":1},"minecraft:custom":{"minecraft:mob_kills":19,"minecraft:interact_with_crafting_table":3,"minecraft:time_since_death":2678,"minecraft:time_since_rest":2704,"minecraft:sprint_one_cm":116317,"minecraft:damage_taken":2424,"minecraft:walk_one_cm":45926,"minecraft:damage_blocked_by_shield":220,"minecraft:drop":22,"minecraft:damage_dealt":948,"minecraft:swim_one_cm":358,"minecraft:fly_one_cm":213034,"minecraft:open_chest":30,"minecraft:crouch_one_cm":6171,"minecraft:play_time":29816,"minecraft:deaths":8,"minecraft:sneak_time":2307,"minecraft:walk_under_water_one_cm":49,"minecraft:jump":920,"minecraft:walk_on_water_one_cm":1571,"minecraft:total_world_time":29816,"minecraft:fall_one_cm":27837},"minecraft:killed":{"minecraft:spider":1,"minecraft:skeleton":16,"minecraft:cow":1},"minecraft:crafted":{"minecraft:crafting_table":1,"minecraft:spruce_planks":52,"minecraft:iron_sword":1,"shieldexp:iron_shield":2,"decorative_blocks:spruce_palisade":6,"minecraft:iron_boots":1,"minecraft:diamond_pickaxe":1,"minecraft:iron_axe":1,"lumberjack:iron_lumberaxe":1,"minecraft:stick":8,"minecraft:iron_leggings":1},"minecraft:picked_up":{"minecraft:coarse_dirt":3,"minecraft:crafting_table":1,"minecraft:ladder":19,"philipsruins:bone_chunk":1,"minecraft:leather":4,"minecraft:gunpowder":1,"minecraft:dirt":2,"minecraft:string":2,"gnumus:gnumus_pouch_2":1,"minecraft:smooth_sandstone":2,"minecraft:bone":10,"minecraft:diamond_leggings":1,"minecraft:wheat_seeds":3,"minecraft:spruce_planks":58,"minecraft:spruce_wood":2,"minecraft:beef":3,"minecraft:stone_pickaxe":1,"minecraft:diamond_helmet":1,"minecraft:dark_oak_stairs":1,"minecraft:book":131,"minecraft:stick":5,"minecraft:black_terracotta":2,"minecraft:sweet_berries":1,"minecraft:spruce_sapling":2,"minecraft:spruce_log":15,"minecraft:pink_terracotta":2,"minecraft:arrow":10,"minecraft:diamond_boots":1,"knight_quest:kq_great_essence":10}},"DataVersion":3120}