{"stats":{"minecraft:killed_by":{"minecraft:skeleton":8,"minecraft:creeper":1},"minecraft:broken":{"lumberjack:iron_lumberaxe":1},"minecraft:used":{"minecraft:stone_pickaxe":4,"minecraft:spruce_planks":100,"minecraft:iron_sword":99,"minecraft:dirt":2,"minecraft:crafting_table":1,"minecraft:crossbow":1,"minecraft:pink_terracotta":2,"decorative_blocks:spruce_palisade":6,"minecraft:obsidian":3,"shieldexp:iron_shield":2,"minecraft:gray_terracotta":3,"minecraft:dark_oak_planks":26,"minecraft:diamond_pickaxe":63,"minecraft:apple":6,"minecraft:iron_axe":29,"minecraft:bread":3,"minecraft:smooth_sandstone":2,"minecraft:diamond_sword":42,"minecraft:bow":48,"minecraft:azalea_leaves":3,"minecraft:sweet_berries":1,"lumberjack:iron_lumberaxe":375,"minecraft:cooked_beef":29,"minecraft:coarse_dirt":3},"minecraft:dropped":{"minecraft:iron_sword":2,"minecraft:rotten_flesh":3,"minecraft:feather":3,"minecraft:iron_helmet":3,"minecraft:book":32,"minecraft:iron_boots":1,"shieldexp:iron_shield":1,"philipsruins:bone_chunk":1,"minecraft:spruce_planks":2,"minecraft:iron_chestplate":1,"minecraft:oak_sapling":6,"minecraft:spruce_wood":6,"minecraft:ladder":19,"minecraft:iron_leggings":2,"minecraft:bow":1,"minecraft:blue_orchid":3,"minecraft:stone_pickaxe":2,"minecraft:string":3,"minecraft:bone":15,"minecraft:spruce_sapling":2},"minecraft:mined":{"minecraft:dark_oak_planks":3,"minecraft:gray_terracotta":3,"minecraft:spruce_planks":178,"minecraft:infested_stone_bricks":1,"minecraft:black_terracotta":7,"minecraft:smooth_sandstone":4,"minecraft:crafting_table":1,"minecraft:tall_grass":2,"minecraft:spruce_leaves":4,"minecraft:moss_block":1,"minecraft:blue_bed":1,"minecraft:spawner":36,"gnumus:scion_weed":2,"minecraft:coarse_dirt":3,"minecraft:spruce_log":27,"minecraft:stripped_dark_oak_wood":8,"minecraft:dark_oak_stairs":1,"minecraft:grass":15,"minecraft:bookshelf":194,"minecraft:cracked_stone_bricks":1,"minecraft:spruce_wood":1,"gnumus:fragile_gnumus_jug":2,"minecraft:stone_bricks":4,"minecraft:fern":1,"minecraft:pink_terracotta":4,"minecraft:infested_stone":1},"minecraft:custom":{"minecraft:mob_kills":42,"minecraft:interact_with_crafting_table":3,"minecraft:open_barrel":3,"minecraft:eat_cake_slice":3,"minecraft:leave_game":1,"minecraft:time_since_death":13310,"minecraft:time_since_rest":13337,"minecraft:sprint_one_cm":308160,"minecraft:damage_taken":5028,"minecraft:walk_one_cm":97004,"minecraft:damage_blocked_by_shield":220,"minecraft:drop":29,"minecraft:damage_dealt":4945,"minecraft:swim_one_cm":4627,"minecraft:fly_one_cm":603278,"minecraft:open_chest":77,"minecraft:crouch_one_cm":13451,"minecraft:play_time":64278,"minecraft:deaths":9,"minecraft:sneak_time":4948,"minecraft:walk_under_water_one_cm":266,"minecraft:jump":2288,"minecraft:walk_on_water_one_cm":3913,"minecraft:total_world_time":64278,"minecraft:fall_one_cm":70614,"minecraft:inspect_dispenser":1},"minecraft:killed":{"greekfantasy:cyclops":1,"minecraft:spider":1,"hmag:skeleton_girl":1,"minecraft:creeper":1,"minecraft:skeleton":24,"minecraft:zombie":4,"gnumus:gnumusnotdispawn":2,"minecraft:wither_skeleton":2,"minecraft:cow":1},"minecraft:crafted":{"minecraft:crafting_table":1,"minecraft:spruce_planks":52,"minecraft:iron_sword":1,"shieldexp:iron_shield":2,"decorative_blocks:spruce_palisade":6,"minecraft:iron_boots":1,"minecraft:diamond_pickaxe":1,"minecraft:iron_axe":1,"lumberjack:iron_lumberaxe":1,"minecraft:stick":8,"minecraft:iron_leggings":1,"minecraft:dark_oak_planks":24},"minecraft:picked_up":{"minecraft:coarse_dirt":3,"minecraft:crafting_table":1,"minecraft:ladder":19,"philipsruins:bone_chunk":1,"minecraft:leather":4,"minecraft:diamond_sword":1,"minecraft:gunpowder":1,"minecraft:blue_bed":1,"minecraft:dirt":2,"minecraft:string":2,"gnumus:gnumus_pouch_2":1,"minecraft:smooth_sandstone":2,"minecraft:bone":15,"minecraft:gray_terracotta":3,"minecraft:diamond_leggings":1,"minecraft:wheat_seeds":3,"minecraft:spruce_planks":58,"minecraft:spruce_wood":6,"minecraft:beef":3,"minecraft:stone_pickaxe":1,"minecraft:player_head":1,"minecraft:diamond_helmet":1,"minecraft:dark_oak_stairs":1,"minecraft:book":368,"minecraft:stick":5,"minecraft:black_terracotta":7,"minecraft:sweet_berries":1,"minecraft:spruce_sapling":2,"minecraft:spruce_log":15,"minecraft:pink_terracotta":4,"minecraft:dark_oak_planks":2,"minecraft:arrow":17,"minecraft:rotten_flesh":3,"minecraft:diamond_boots":1,"minecraft:stripped_dark_oak_wood":6,"knight_quest:kq_great_essence":16,"greekfantasy:bronze_nugget":2}},"DataVersion":3120}